-- Заполнение таблицы Users--
INSERT INTO `users` (`id`, `email`, `phone`, `created_at`, `updated_at`) VALUES (1, 'katelin08@example.net', '1-963-767-6018', '1973-01-26 16:34:37', '2000-11-11 17:01:57');
INSERT INTO `users` (`id`, `email`, `phone`, `created_at`, `updated_at`) VALUES (2, 'iliana.roberts@example.com', '(342)365-7111', '1990-02-03 22:17:14', '2013-10-05 00:46:20');
INSERT INTO `users` (`id`, `email`, `phone`, `created_at`, `updated_at`) VALUES (3, 'joanny99@example.org', '(779)524-0884x08010', '2004-02-19 03:35:22', '2016-10-08 21:24:16');
INSERT INTO `users` (`id`, `email`, `phone`, `created_at`, `updated_at`) VALUES (4, 'jstreich@example.org', '474.429.5845', '1990-01-27 11:48:24', '2005-01-13 16:42:49');
INSERT INTO `users` (`id`, `email`, `phone`, `created_at`, `updated_at`) VALUES (5, 'gparker@example.org', '837.169.8945x33541', '1986-12-07 13:26:32', '2007-08-10 19:17:37');
INSERT INTO `users` (`id`, `email`, `phone`, `created_at`, `updated_at`) VALUES (6, 'alfonzo40@example.net', '(077)341-2425x227', '2018-05-27 01:29:03', '1973-10-03 03:46:41');
INSERT INTO `users` (`id`, `email`, `phone`, `created_at`, `updated_at`) VALUES (7, 'keebler.shanon@example.org', '012-761-2367', '2017-06-26 23:30:40', '2015-06-25 20:15:18');
INSERT INTO `users` (`id`, `email`, `phone`, `created_at`, `updated_at`) VALUES (8, 'stanton11@example.com', '273.397.2083x483', '1976-05-16 22:03:36', '2019-08-20 17:42:36');
INSERT INTO `users` (`id`, `email`, `phone`, `created_at`, `updated_at`) VALUES (9, 'nico79@example.com', '1-188-069-7382x9635', '2010-10-24 19:56:59', '2004-07-26 21:39:57');
INSERT INTO `users` (`id`, `email`, `phone`, `created_at`, `updated_at`) VALUES (10, 'desmond55@example.net', '(774)946-1878', '2017-11-23 23:02:04', '1973-10-19 21:04:36');
INSERT INTO `users` (`id`, `email`, `phone`, `created_at`, `updated_at`) VALUES (11, 'wilderman.felicia@example.com', '(775)797-7667x04766', '2004-11-15 00:41:31', '2000-01-22 12:33:10');
INSERT INTO `users` (`id`, `email`, `phone`, `created_at`, `updated_at`) VALUES (12, 'hyatt.lillian@example.org', '373-425-9931', '1982-10-08 16:21:21', '1990-07-05 10:19:17');
INSERT INTO `users` (`id`, `email`, `phone`, `created_at`, `updated_at`) VALUES (13, 'electa67@example.org', '1-143-619-8018x5321', '2014-04-23 17:48:18', '1983-12-02 09:27:23');
INSERT INTO `users` (`id`, `email`, `phone`, `created_at`, `updated_at`) VALUES (14, 'wkuhlman@example.org', '(213)734-7828x63942', '1986-12-04 18:00:11', '1992-06-27 15:01:37');
INSERT INTO `users` (`id`, `email`, `phone`, `created_at`, `updated_at`) VALUES (15, 'winston.cormier@example.net', '410.236.1455x065', '1983-10-21 00:25:17', '2008-06-22 10:49:31');
INSERT INTO `users` (`id`, `email`, `phone`, `created_at`, `updated_at`) VALUES (16, 'elissa.reilly@example.net', '+26(4)6199023355', '1991-11-28 12:51:06', '1981-01-05 01:04:13');
INSERT INTO `users` (`id`, `email`, `phone`, `created_at`, `updated_at`) VALUES (17, 'addie.windler@example.org', '1-181-965-3477x10468', '1992-11-04 14:13:30', '2016-07-26 02:01:15');
INSERT INTO `users` (`id`, `email`, `phone`, `created_at`, `updated_at`) VALUES (18, 'xreichert@example.org', '1-956-897-5473', '1971-10-14 22:00:45', '1978-03-21 07:01:08');
INSERT INTO `users` (`id`, `email`, `phone`, `created_at`, `updated_at`) VALUES (19, 'sydni.larson@example.com', '1-914-314-2184x591', '1994-08-21 11:24:19', '1996-03-14 08:39:05');
INSERT INTO `users` (`id`, `email`, `phone`, `created_at`, `updated_at`) VALUES (20, 'reed.huel@example.com', '957.811.2526', '2001-10-31 17:33:39', '1972-12-05 13:58:22');
INSERT INTO `users` (`id`, `email`, `phone`, `created_at`, `updated_at`) VALUES (21, 'fahey.kiel@example.com', '+65(8)8903184307', '1986-02-18 21:55:58', '2001-05-13 11:46:10');
INSERT INTO `users` (`id`, `email`, `phone`, `created_at`, `updated_at`) VALUES (22, 'ffahey@example.com', '1-178-392-9376x3984', '1998-09-08 06:36:19', '1980-10-14 19:34:40');
INSERT INTO `users` (`id`, `email`, `phone`, `created_at`, `updated_at`) VALUES (23, 'kacie.schulist@example.com', '(409)395-9210', '2000-01-27 22:12:55', '2002-11-20 10:19:24');
INSERT INTO `users` (`id`, `email`, `phone`, `created_at`, `updated_at`) VALUES (24, 'grimes.vito@example.net', '(942)392-3702', '1995-10-25 10:57:16', '2010-01-05 03:54:09');
INSERT INTO `users` (`id`, `email`, `phone`, `created_at`, `updated_at`) VALUES (25, 'vonrueden.alivia@example.net', '+59(2)5359181738', '1994-09-28 20:30:34', '1996-03-26 23:56:35');
INSERT INTO `users` (`id`, `email`, `phone`, `created_at`, `updated_at`) VALUES (26, 'cydney.baumbach@example.net', '1-527-196-1084', '1994-10-13 06:51:34', '1993-08-03 11:40:15');
INSERT INTO `users` (`id`, `email`, `phone`, `created_at`, `updated_at`) VALUES (27, 'anne.schowalter@example.com', '(601)293-5597', '2021-03-22 14:28:16', '1984-04-15 21:39:48');
INSERT INTO `users` (`id`, `email`, `phone`, `created_at`, `updated_at`) VALUES (28, 'wade75@example.com', '(918)279-6060x189', '1970-11-15 05:01:57', '1986-06-17 17:50:23');
INSERT INTO `users` (`id`, `email`, `phone`, `created_at`, `updated_at`) VALUES (29, 'alanis23@example.net', '393-451-2235x61698', '2003-09-21 06:27:52', '2014-08-27 20:13:45');
INSERT INTO `users` (`id`, `email`, `phone`, `created_at`, `updated_at`) VALUES (30, 'vernice53@example.com', '397-943-8584x9023', '1989-09-14 15:31:20', '2000-11-28 14:54:35');
INSERT INTO `users` (`id`, `email`, `phone`, `created_at`, `updated_at`) VALUES (31, 'magnus.crooks@example.org', '144-999-7112', '2011-11-22 04:04:33', '1976-05-02 22:05:38');
INSERT INTO `users` (`id`, `email`, `phone`, `created_at`, `updated_at`) VALUES (32, 'wdach@example.org', '(553)961-8197', '2007-01-16 19:04:23', '1981-12-15 23:52:19');
INSERT INTO `users` (`id`, `email`, `phone`, `created_at`, `updated_at`) VALUES (33, 'electa71@example.net', '(976)383-2245x7106', '2016-05-06 22:32:31', '1995-05-27 20:23:59');
INSERT INTO `users` (`id`, `email`, `phone`, `created_at`, `updated_at`) VALUES (34, 'olson.leopold@example.com', '676-575-6478x23066', '2019-02-20 02:25:48', '2016-09-17 06:50:41');
INSERT INTO `users` (`id`, `email`, `phone`, `created_at`, `updated_at`) VALUES (35, 'sarina05@example.com', '(138)594-7332x6022', '1970-06-01 20:28:59', '1981-07-07 03:08:54');
INSERT INTO `users` (`id`, `email`, `phone`, `created_at`, `updated_at`) VALUES (36, 'hagenes.wilber@example.org', '129-218-7414', '1990-08-22 18:15:36', '1979-06-13 09:32:13');
INSERT INTO `users` (`id`, `email`, `phone`, `created_at`, `updated_at`) VALUES (37, 'jherzog@example.net', '1-488-563-1640x2478', '1990-06-27 00:03:28', '1987-11-23 22:12:38');
INSERT INTO `users` (`id`, `email`, `phone`, `created_at`, `updated_at`) VALUES (38, 'josue.lynch@example.com', '265.499.7882', '2020-05-04 12:27:53', '2020-08-28 22:11:14');
INSERT INTO `users` (`id`, `email`, `phone`, `created_at`, `updated_at`) VALUES (39, 'kessler.barbara@example.com', '084-502-5999x873', '1987-04-28 17:02:06', '1991-08-15 00:55:27');
INSERT INTO `users` (`id`, `email`, `phone`, `created_at`, `updated_at`) VALUES (40, 'corine.hayes@example.org', '1-409-459-4713x894', '1973-11-14 00:54:06', '2002-10-15 00:42:56');
INSERT INTO `users` (`id`, `email`, `phone`, `created_at`, `updated_at`) VALUES (41, 'harley.zieme@example.com', '+45(2)0851645430', '1996-03-22 06:16:33', '1997-11-02 15:46:02');
INSERT INTO `users` (`id`, `email`, `phone`, `created_at`, `updated_at`) VALUES (42, 'nettie78@example.com', '678.993.1268x4434', '1993-02-09 01:03:32', '2014-07-17 05:34:29');
INSERT INTO `users` (`id`, `email`, `phone`, `created_at`, `updated_at`) VALUES (43, 'jhammes@example.net', '445.317.7653x281', '2004-10-20 17:55:33', '2007-07-12 20:10:02');
INSERT INTO `users` (`id`, `email`, `phone`, `created_at`, `updated_at`) VALUES (44, 'mitchell.genesis@example.com', '1-772-738-1979x787', '2018-05-25 07:05:55', '2010-03-04 16:00:04');
INSERT INTO `users` (`id`, `email`, `phone`, `created_at`, `updated_at`) VALUES (45, 'jnikolaus@example.com', '835-018-7978', '1998-09-17 01:40:48', '1990-09-10 14:47:17');
INSERT INTO `users` (`id`, `email`, `phone`, `created_at`, `updated_at`) VALUES (46, 'willy.hagenes@example.com', '231.430.6815', '2001-07-31 21:24:53', '1989-05-12 21:45:27');
INSERT INTO `users` (`id`, `email`, `phone`, `created_at`, `updated_at`) VALUES (47, 'ograham@example.net', '1-503-270-3587', '1987-09-21 15:39:27', '2006-04-10 08:56:30');
INSERT INTO `users` (`id`, `email`, `phone`, `created_at`, `updated_at`) VALUES (48, 'keaton.towne@example.com', '(916)635-5831x348', '1991-03-25 11:00:16', '2007-06-24 17:48:17');
INSERT INTO `users` (`id`, `email`, `phone`, `created_at`, `updated_at`) VALUES (49, 'cleo13@example.org', '(177)744-2677', '1971-04-17 02:45:28', '2014-09-19 05:06:13');
INSERT INTO `users` (`id`, `email`, `phone`, `created_at`, `updated_at`) VALUES (50, 'eschroeder@example.org', '00306142094', '2002-06-17 04:52:45', '1976-07-04 01:13:51');
INSERT INTO `users` (`id`, `email`, `phone`, `created_at`, `updated_at`) VALUES (51, 'evalyn.douglas@example.org', '667.130.4429x2980', '1988-12-21 11:13:35', '1993-05-28 19:53:46');
INSERT INTO `users` (`id`, `email`, `phone`, `created_at`, `updated_at`) VALUES (52, 'chanelle93@example.com', '1-687-364-9347x250', '1993-12-24 09:45:07', '1991-03-21 10:26:05');
INSERT INTO `users` (`id`, `email`, `phone`, `created_at`, `updated_at`) VALUES (53, 'gerald52@example.com', '(094)454-1267x12160', '2017-08-01 05:31:33', '1983-02-10 15:01:42');
INSERT INTO `users` (`id`, `email`, `phone`, `created_at`, `updated_at`) VALUES (54, 'hwaters@example.com', '418-269-6484x495', '2008-03-15 05:32:57', '2002-11-01 00:56:51');
INSERT INTO `users` (`id`, `email`, `phone`, `created_at`, `updated_at`) VALUES (55, 'catalina.schuster@example.org', '(148)516-3540x290', '2010-01-24 06:59:32', '2004-01-08 00:46:44');
INSERT INTO `users` (`id`, `email`, `phone`, `created_at`, `updated_at`) VALUES (56, 'cbashirian@example.net', '432.071.4637x18885', '1986-11-10 04:21:07', '1982-01-14 08:06:36');
INSERT INTO `users` (`id`, `email`, `phone`, `created_at`, `updated_at`) VALUES (57, 'friesen.rigoberto@example.org', '03428663638', '2007-05-28 17:18:01', '2020-12-09 14:10:56');
INSERT INTO `users` (`id`, `email`, `phone`, `created_at`, `updated_at`) VALUES (58, 'cbarton@example.com', '08779435349', '1979-03-30 06:29:48', '1979-04-10 12:07:17');
INSERT INTO `users` (`id`, `email`, `phone`, `created_at`, `updated_at`) VALUES (59, 'kari.fay@example.com', '+97(5)5092833810', '1998-12-21 22:33:25', '1992-01-29 21:52:36');
INSERT INTO `users` (`id`, `email`, `phone`, `created_at`, `updated_at`) VALUES (60, 'claire05@example.org', '1-296-563-5584x260', '1985-04-18 04:25:19', '1991-08-11 06:32:07');
INSERT INTO `users` (`id`, `email`, `phone`, `created_at`, `updated_at`) VALUES (61, 'white.sydney@example.org', '+09(3)4643969241', '2013-10-19 00:26:38', '2013-10-06 17:14:54');
INSERT INTO `users` (`id`, `email`, `phone`, `created_at`, `updated_at`) VALUES (62, 'verda71@example.net', '1-419-446-8618', '2019-11-14 18:03:47', '2001-07-02 08:12:10');
INSERT INTO `users` (`id`, `email`, `phone`, `created_at`, `updated_at`) VALUES (63, 'lilliana35@example.com', '1-584-743-2607', '2016-12-29 13:47:36', '1977-10-17 13:08:11');
INSERT INTO `users` (`id`, `email`, `phone`, `created_at`, `updated_at`) VALUES (64, 'rolfson.eldridge@example.org', '762.832.3461x838', '1977-08-14 20:34:39', '1975-06-12 04:33:55');
INSERT INTO `users` (`id`, `email`, `phone`, `created_at`, `updated_at`) VALUES (65, 'heller.floyd@example.net', '630-127-5516x7138', '1971-10-14 18:33:31', '1992-02-28 23:54:44');
INSERT INTO `users` (`id`, `email`, `phone`, `created_at`, `updated_at`) VALUES (66, 'bosco.augusta@example.com', '1-151-357-1731x44419', '1984-05-28 06:39:15', '1997-03-29 06:54:55');
INSERT INTO `users` (`id`, `email`, `phone`, `created_at`, `updated_at`) VALUES (67, 'aisha13@example.org', '1-663-110-6585x11357', '1979-03-08 16:28:28', '1985-05-09 20:47:59');
INSERT INTO `users` (`id`, `email`, `phone`, `created_at`, `updated_at`) VALUES (68, 'furman04@example.com', '981-001-1398', '2012-07-07 17:38:50', '2019-09-07 22:54:07');
INSERT INTO `users` (`id`, `email`, `phone`, `created_at`, `updated_at`) VALUES (69, 'wilfredo.anderson@example.net', '940-004-7467x8450', '1997-04-13 15:19:07', '2013-01-03 13:01:05');
INSERT INTO `users` (`id`, `email`, `phone`, `created_at`, `updated_at`) VALUES (70, 'taryn.kuhlman@example.org', '142-207-7984x8281', '1998-09-27 10:37:31', '1979-11-13 12:16:19');
INSERT INTO `users` (`id`, `email`, `phone`, `created_at`, `updated_at`) VALUES (71, 'iullrich@example.com', '143-009-1343x19196', '2001-03-13 06:57:38', '2011-09-24 03:31:14');
INSERT INTO `users` (`id`, `email`, `phone`, `created_at`, `updated_at`) VALUES (72, 'destiny75@example.com', '915-870-5109x0304', '2004-09-10 19:54:35', '1986-07-16 10:19:14');
INSERT INTO `users` (`id`, `email`, `phone`, `created_at`, `updated_at`) VALUES (73, 'jenifer.stokes@example.net', '183-193-8402x673', '1977-03-21 02:36:51', '1983-03-21 07:19:22');
INSERT INTO `users` (`id`, `email`, `phone`, `created_at`, `updated_at`) VALUES (74, 'hegmann.candice@example.com', '868.286.2983x838', '1970-09-02 08:41:57', '2001-02-07 11:28:37');
INSERT INTO `users` (`id`, `email`, `phone`, `created_at`, `updated_at`) VALUES (75, 'predovic.bridgette@example.net', '(550)216-2424x9298', '2013-09-27 09:05:25', '2014-03-24 00:19:23');
INSERT INTO `users` (`id`, `email`, `phone`, `created_at`, `updated_at`) VALUES (76, 'kunze.dayton@example.net', '942-940-0968', '1977-02-19 07:01:17', '2020-02-09 05:19:56');
INSERT INTO `users` (`id`, `email`, `phone`, `created_at`, `updated_at`) VALUES (77, 'arianna76@example.net', '906-263-8442x1979', '1996-04-22 00:27:05', '2020-01-30 00:52:39');
INSERT INTO `users` (`id`, `email`, `phone`, `created_at`, `updated_at`) VALUES (78, 'buckridge.ana@example.com', '1-457-500-6837x53650', '1987-10-19 17:36:15', '1982-07-15 14:18:25');
INSERT INTO `users` (`id`, `email`, `phone`, `created_at`, `updated_at`) VALUES (79, 'krogahn@example.com', '844.575.8550', '1986-04-21 15:46:18', '1997-11-05 21:08:31');
INSERT INTO `users` (`id`, `email`, `phone`, `created_at`, `updated_at`) VALUES (80, 'haag.anastasia@example.com', '(753)365-8474', '1992-06-19 16:46:56', '1991-03-29 12:23:31');
INSERT INTO `users` (`id`, `email`, `phone`, `created_at`, `updated_at`) VALUES (81, 'lera56@example.com', '209.831.5472x598', '1978-03-14 21:10:42', '1999-07-08 14:15:04');
INSERT INTO `users` (`id`, `email`, `phone`, `created_at`, `updated_at`) VALUES (82, 'wava44@example.org', '145.460.2717x72340', '2011-11-15 19:22:09', '2000-07-01 22:00:00');
INSERT INTO `users` (`id`, `email`, `phone`, `created_at`, `updated_at`) VALUES (83, 'effertz.keegan@example.org', '655.652.5145x516', '2002-03-25 12:18:00', '1978-01-19 12:27:11');
INSERT INTO `users` (`id`, `email`, `phone`, `created_at`, `updated_at`) VALUES (84, 'hnader@example.org', '+40(4)9676997873', '2004-06-27 17:20:21', '1994-11-06 16:40:01');
INSERT INTO `users` (`id`, `email`, `phone`, `created_at`, `updated_at`) VALUES (85, 'julien.bergstrom@example.com', '817-801-0519x741', '1982-10-01 21:35:41', '1976-11-08 11:25:05');
INSERT INTO `users` (`id`, `email`, `phone`, `created_at`, `updated_at`) VALUES (86, 'lelia03@example.net', '255-259-1586x854', '2001-11-09 21:34:51', '1982-03-02 10:59:02');
INSERT INTO `users` (`id`, `email`, `phone`, `created_at`, `updated_at`) VALUES (87, 'alanis.fahey@example.net', '1-360-231-0613', '1997-12-28 20:41:35', '1986-10-24 07:16:46');
INSERT INTO `users` (`id`, `email`, `phone`, `created_at`, `updated_at`) VALUES (88, 'durgan.donny@example.org', '(334)861-0645', '1974-06-14 01:43:21', '1979-05-04 02:56:13');
INSERT INTO `users` (`id`, `email`, `phone`, `created_at`, `updated_at`) VALUES (89, 'glueilwitz@example.net', '427.741.8379x815', '1973-01-09 08:25:04', '2017-04-11 10:54:08');
INSERT INTO `users` (`id`, `email`, `phone`, `created_at`, `updated_at`) VALUES (90, 'monique95@example.net', '+06(9)4929992045', '2018-07-20 20:58:22', '2016-12-17 00:39:42');
INSERT INTO `users` (`id`, `email`, `phone`, `created_at`, `updated_at`) VALUES (91, 'adolf.aufderhar@example.org', '(009)661-4942x7583', '1972-09-30 21:21:38', '1981-03-09 20:36:30');
INSERT INTO `users` (`id`, `email`, `phone`, `created_at`, `updated_at`) VALUES (92, 'shirley.moen@example.com', '(924)964-7243x27209', '1996-12-14 00:25:37', '2005-04-25 00:24:19');
INSERT INTO `users` (`id`, `email`, `phone`, `created_at`, `updated_at`) VALUES (93, 'charlene.huel@example.net', '01931348003', '2017-03-18 06:03:31', '2000-06-26 07:22:19');
INSERT INTO `users` (`id`, `email`, `phone`, `created_at`, `updated_at`) VALUES (94, 'rudy13@example.org', '885.939.6805x843', '2018-09-01 16:58:17', '2006-08-16 13:12:44');
INSERT INTO `users` (`id`, `email`, `phone`, `created_at`, `updated_at`) VALUES (95, 'gottlieb.brigitte@example.org', '1-428-760-8705x69813', '2013-04-27 22:51:25', '1977-05-24 05:00:36');
INSERT INTO `users` (`id`, `email`, `phone`, `created_at`, `updated_at`) VALUES (96, 'fernando.conroy@example.org', '1-625-704-3077x69933', '2011-04-10 21:05:50', '2004-03-22 16:05:18');
INSERT INTO `users` (`id`, `email`, `phone`, `created_at`, `updated_at`) VALUES (97, 'kaden29@example.com', '(008)527-1659x497', '1991-07-14 06:48:35', '1995-02-21 17:15:43');
INSERT INTO `users` (`id`, `email`, `phone`, `created_at`, `updated_at`) VALUES (98, 'doyle.maud@example.net', '+56(4)5468046318', '2016-10-18 17:21:34', '2016-12-20 03:34:58');
INSERT INTO `users` (`id`, `email`, `phone`, `created_at`, `updated_at`) VALUES (99, 'gottlieb.madaline@example.net', '1-718-015-6563x90213', '2002-11-06 05:22:17', '1983-05-21 09:54:24');
INSERT INTO `users` (`id`, `email`, `phone`, `created_at`, `updated_at`) VALUES (100, 'frosenbaum@example.com', '+57(1)6146268848', '2016-01-02 14:40:57', '1982-08-30 05:27:53');

-- -- Заполнение таблицы Profiles--
INSERT INTO `profiles` (`id`, `user_id`, `first_name`, `last_name`, `birth_date`, `country`, `city`, `status`, `created_at`, `updated_at`) VALUES (1, 1, 'Curt', 'Stehr', '1983-06-14', '456627', 'Marquistown', 'INACTIVE', '1971-10-27 14:03:02', '2004-02-08 15:10:15');
INSERT INTO `profiles` (`id`, `user_id`, `first_name`, `last_name`, `birth_date`, `country`, `city`, `status`, `created_at`, `updated_at`) VALUES (2, 2, 'Leopold', 'Moore', '2007-04-16', '12970', 'Stantonburgh', 'OFFLINE', '2008-02-06 14:48:04', '1981-09-28 03:09:29');
INSERT INTO `profiles` (`id`, `user_id`, `first_name`, `last_name`, `birth_date`, `country`, `city`, `status`, `created_at`, `updated_at`) VALUES (3, 3, 'Laron', 'Rutherford', '2011-06-07', '975246', 'Hettingerport', 'OFFLINE', '1998-06-21 04:11:58', '1997-05-11 23:17:22');
INSERT INTO `profiles` (`id`, `user_id`, `first_name`, `last_name`, `birth_date`, `country`, `city`, `status`, `created_at`, `updated_at`) VALUES (4, 4, 'Scarlett', 'Schmidt', '1978-08-09', '755868', 'West Guyport', 'ONLINE', '2005-11-30 21:11:40', '1999-07-05 22:35:34');
INSERT INTO `profiles` (`id`, `user_id`, `first_name`, `last_name`, `birth_date`, `country`, `city`, `status`, `created_at`, `updated_at`) VALUES (5, 5, 'Duncan', 'Emard', '1991-12-16', '8', 'Port Amayaborough', 'ONLINE', '1987-10-08 11:47:52', '1975-08-25 17:22:52');
INSERT INTO `profiles` (`id`, `user_id`, `first_name`, `last_name`, `birth_date`, `country`, `city`, `status`, `created_at`, `updated_at`) VALUES (6, 6, 'Keagan', 'Senger', '1971-07-20', '', 'Jerdemouth', 'INACTIVE', '1986-01-05 10:03:41', '1988-01-31 10:21:27');
INSERT INTO `profiles` (`id`, `user_id`, `first_name`, `last_name`, `birth_date`, `country`, `city`, `status`, `created_at`, `updated_at`) VALUES (7, 7, 'Miller', 'Howell', '1992-09-12', '763907', 'Jaunitamouth', 'OFFLINE', '1971-04-29 05:06:27', '1972-05-05 15:35:25');
INSERT INTO `profiles` (`id`, `user_id`, `first_name`, `last_name`, `birth_date`, `country`, `city`, `status`, `created_at`, `updated_at`) VALUES (8, 8, 'Dimitri', 'Hahn', '2010-06-17', '34512177', 'South Marcellusside', 'INACTIVE', '2008-11-30 22:31:18', '1993-04-02 20:50:05');
INSERT INTO `profiles` (`id`, `user_id`, `first_name`, `last_name`, `birth_date`, `country`, `city`, `status`, `created_at`, `updated_at`) VALUES (9, 9, 'Julien', 'Prohaska', '2017-12-30', '5', 'Taylorshire', 'INACTIVE', '2015-05-06 02:58:12', '1971-02-07 05:33:57');
INSERT INTO `profiles` (`id`, `user_id`, `first_name`, `last_name`, `birth_date`, `country`, `city`, `status`, `created_at`, `updated_at`) VALUES (10, 10, 'Tremayne', 'Lesch', '1973-12-06', '171192', 'Cristinafurt', 'ONLINE', '2015-04-29 19:19:37', '2011-11-24 13:29:32');
INSERT INTO `profiles` (`id`, `user_id`, `first_name`, `last_name`, `birth_date`, `country`, `city`, `status`, `created_at`, `updated_at`) VALUES (11, 11, 'Idell', 'Kulas', '2006-02-22', '3876', 'Connellystad', 'INACTIVE', '2017-08-19 02:12:49', '1978-12-08 10:14:09');
INSERT INTO `profiles` (`id`, `user_id`, `first_name`, `last_name`, `birth_date`, `country`, `city`, `status`, `created_at`, `updated_at`) VALUES (12, 12, 'Ned', 'Wilkinson', '1995-01-09', '71590', 'South Ceasar', 'ONLINE', '1992-02-26 04:15:11', '2007-12-24 15:56:18');
INSERT INTO `profiles` (`id`, `user_id`, `first_name`, `last_name`, `birth_date`, `country`, `city`, `status`, `created_at`, `updated_at`) VALUES (13, 13, 'Marian', 'Ward', '2011-05-09', '', 'New Ricardo', 'INACTIVE', '2013-01-15 15:08:05', '2014-04-30 14:06:49');
INSERT INTO `profiles` (`id`, `user_id`, `first_name`, `last_name`, `birth_date`, `country`, `city`, `status`, `created_at`, `updated_at`) VALUES (14, 14, 'Ruben', 'Schroeder', '1982-01-09', '65825491', 'Port Eleonorefort', 'INACTIVE', '2014-06-01 22:09:11', '2012-10-06 16:52:53');
INSERT INTO `profiles` (`id`, `user_id`, `first_name`, `last_name`, `birth_date`, `country`, `city`, `status`, `created_at`, `updated_at`) VALUES (15, 15, 'Della', 'Wilkinson', '2003-07-06', '367417', 'Kohlerport', 'INACTIVE', '1984-11-11 20:49:04', '2013-05-08 07:02:16');
INSERT INTO `profiles` (`id`, `user_id`, `first_name`, `last_name`, `birth_date`, `country`, `city`, `status`, `created_at`, `updated_at`) VALUES (16, 16, 'Candice', 'Davis', '1974-05-21', '3460836', 'North Shakira', 'ONLINE', '1987-12-23 12:44:13', '2001-03-14 07:20:16');
INSERT INTO `profiles` (`id`, `user_id`, `first_name`, `last_name`, `birth_date`, `country`, `city`, `status`, `created_at`, `updated_at`) VALUES (17, 17, 'Alisha', 'Koch', '1988-07-01', '29', 'Greenholtmouth', 'OFFLINE', '1983-09-06 00:07:02', '1994-04-20 00:03:21');
INSERT INTO `profiles` (`id`, `user_id`, `first_name`, `last_name`, `birth_date`, `country`, `city`, `status`, `created_at`, `updated_at`) VALUES (18, 18, 'Jonas', 'Hammes', '1976-04-18', '50', 'Odiebury', 'INACTIVE', '1991-08-30 13:49:32', '1984-08-12 01:58:39');
INSERT INTO `profiles` (`id`, `user_id`, `first_name`, `last_name`, `birth_date`, `country`, `city`, `status`, `created_at`, `updated_at`) VALUES (19, 19, 'Talon', 'Collier', '2002-07-09', '99786237', 'Kilbackside', 'ONLINE', '1981-08-05 11:17:13', '2018-11-22 18:03:16');
INSERT INTO `profiles` (`id`, `user_id`, `first_name`, `last_name`, `birth_date`, `country`, `city`, `status`, `created_at`, `updated_at`) VALUES (20, 20, 'Israel', 'Lowe', '2003-07-10', '', 'West Tristian', 'OFFLINE', '1993-09-13 02:03:09', '1979-11-21 15:29:05');
INSERT INTO `profiles` (`id`, `user_id`, `first_name`, `last_name`, `birth_date`, `country`, `city`, `status`, `created_at`, `updated_at`) VALUES (21, 21, 'Pink', 'Miller', '2017-06-24', '20373405', 'West Scottie', 'OFFLINE', '1980-11-23 15:03:09', '2017-10-31 08:50:12');
INSERT INTO `profiles` (`id`, `user_id`, `first_name`, `last_name`, `birth_date`, `country`, `city`, `status`, `created_at`, `updated_at`) VALUES (22, 22, 'Lafayette', 'Kuhic', '2016-09-15', '901317886', 'Jarvisside', 'INACTIVE', '1975-05-12 05:41:12', '1983-05-08 23:32:23');
INSERT INTO `profiles` (`id`, `user_id`, `first_name`, `last_name`, `birth_date`, `country`, `city`, `status`, `created_at`, `updated_at`) VALUES (23, 23, 'Eladio', 'Luettgen', '2000-02-18', '24499549', 'Port London', 'ONLINE', '1988-07-06 03:57:46', '2007-01-21 04:56:45');
INSERT INTO `profiles` (`id`, `user_id`, `first_name`, `last_name`, `birth_date`, `country`, `city`, `status`, `created_at`, `updated_at`) VALUES (24, 24, 'Emery', 'Gulgowski', '2012-07-22', '5671', 'Rogahnhaven', 'INACTIVE', '1979-09-15 15:35:37', '2017-06-23 20:21:17');
INSERT INTO `profiles` (`id`, `user_id`, `first_name`, `last_name`, `birth_date`, `country`, `city`, `status`, `created_at`, `updated_at`) VALUES (25, 25, 'Filomena', 'Hagenes', '2009-08-04', '2', 'Port Wandahaven', 'INACTIVE', '2004-12-08 04:19:20', '1999-03-27 01:35:46');
INSERT INTO `profiles` (`id`, `user_id`, `first_name`, `last_name`, `birth_date`, `country`, `city`, `status`, `created_at`, `updated_at`) VALUES (26, 26, 'Cruz', 'Zemlak', '2014-06-17', '74874227', 'Aufderharfort', 'ONLINE', '2010-02-12 15:26:24', '1994-07-06 17:57:48');
INSERT INTO `profiles` (`id`, `user_id`, `first_name`, `last_name`, `birth_date`, `country`, `city`, `status`, `created_at`, `updated_at`) VALUES (27, 27, 'Shayne', 'Bernier', '1993-08-12', '8600598', 'South Ezekielburgh', 'OFFLINE', '1976-11-29 15:45:17', '1983-12-27 12:19:53');
INSERT INTO `profiles` (`id`, `user_id`, `first_name`, `last_name`, `birth_date`, `country`, `city`, `status`, `created_at`, `updated_at`) VALUES (28, 28, 'Alexane', 'Glover', '1995-09-29', '57199', 'East Valentinestad', 'INACTIVE', '1990-10-20 14:21:35', '2007-05-13 20:15:03');
INSERT INTO `profiles` (`id`, `user_id`, `first_name`, `last_name`, `birth_date`, `country`, `city`, `status`, `created_at`, `updated_at`) VALUES (29, 29, 'Kade', 'Wolf', '2020-03-28', '8546411', 'Trompstad', 'INACTIVE', '2003-06-21 11:17:00', '1986-05-28 20:11:12');
INSERT INTO `profiles` (`id`, `user_id`, `first_name`, `last_name`, `birth_date`, `country`, `city`, `status`, `created_at`, `updated_at`) VALUES (30, 30, 'Roscoe', 'Hauck', '1996-03-11', '34', 'Lake Deechester', 'ONLINE', '2009-08-25 02:43:27', '1979-05-23 21:15:34');
INSERT INTO `profiles` (`id`, `user_id`, `first_name`, `last_name`, `birth_date`, `country`, `city`, `status`, `created_at`, `updated_at`) VALUES (31, 31, 'Scot', 'Balistreri', '2008-11-10', '95982', 'Simonisfurt', 'INACTIVE', '1972-12-06 03:49:30', '2000-07-17 10:04:17');
INSERT INTO `profiles` (`id`, `user_id`, `first_name`, `last_name`, `birth_date`, `country`, `city`, `status`, `created_at`, `updated_at`) VALUES (32, 32, 'Arlene', 'Stamm', '1984-03-28', '638961', 'East Leatha', 'INACTIVE', '2021-01-07 09:28:33', '1989-07-09 21:34:05');
INSERT INTO `profiles` (`id`, `user_id`, `first_name`, `last_name`, `birth_date`, `country`, `city`, `status`, `created_at`, `updated_at`) VALUES (33, 33, 'Stephon', 'Windler', '1996-11-19', '8159821', 'Jazmynefort', 'INACTIVE', '1993-08-17 09:22:17', '2009-01-26 21:28:41');
INSERT INTO `profiles` (`id`, `user_id`, `first_name`, `last_name`, `birth_date`, `country`, `city`, `status`, `created_at`, `updated_at`) VALUES (34, 34, 'Avery', 'Fadel', '2020-07-23', '85232902', 'Dickinsonfurt', 'INACTIVE', '1991-03-16 22:59:34', '1988-07-06 21:23:19');
INSERT INTO `profiles` (`id`, `user_id`, `first_name`, `last_name`, `birth_date`, `country`, `city`, `status`, `created_at`, `updated_at`) VALUES (35, 35, 'Devonte', 'Langosh', '1999-07-28', '154', 'Raufurt', 'INACTIVE', '1998-12-11 02:48:16', '1999-03-09 09:37:25');
INSERT INTO `profiles` (`id`, `user_id`, `first_name`, `last_name`, `birth_date`, `country`, `city`, `status`, `created_at`, `updated_at`) VALUES (36, 36, 'Clementina', 'Price', '1979-03-21', '81473290', 'East Sidborough', 'ONLINE', '1978-02-15 13:44:44', '2001-03-13 12:58:21');
INSERT INTO `profiles` (`id`, `user_id`, `first_name`, `last_name`, `birth_date`, `country`, `city`, `status`, `created_at`, `updated_at`) VALUES (37, 37, 'Ike', 'Brakus', '1970-12-02', '147921', 'Billieburgh', 'ONLINE', '2019-01-21 04:55:26', '2008-01-02 17:58:04');
INSERT INTO `profiles` (`id`, `user_id`, `first_name`, `last_name`, `birth_date`, `country`, `city`, `status`, `created_at`, `updated_at`) VALUES (38, 38, 'Vidal', 'Dietrich', '2013-04-14', '9', 'Lake Erica', 'ONLINE', '2010-05-04 09:03:26', '1997-11-23 19:18:29');
INSERT INTO `profiles` (`id`, `user_id`, `first_name`, `last_name`, `birth_date`, `country`, `city`, `status`, `created_at`, `updated_at`) VALUES (39, 39, 'Amiya', 'Cormier', '1971-07-23', '79465', 'New Marcellachester', 'INACTIVE', '2013-11-18 22:29:47', '1979-01-13 20:30:51');
INSERT INTO `profiles` (`id`, `user_id`, `first_name`, `last_name`, `birth_date`, `country`, `city`, `status`, `created_at`, `updated_at`) VALUES (40, 40, 'Bernardo', 'Blanda', '1986-01-24', '828765', 'West Ericka', 'OFFLINE', '1978-03-07 19:26:19', '2001-05-20 02:41:20');
INSERT INTO `profiles` (`id`, `user_id`, `first_name`, `last_name`, `birth_date`, `country`, `city`, `status`, `created_at`, `updated_at`) VALUES (41, 41, 'Ava', 'Hills', '1996-10-20', '838751', 'West Vivien', 'OFFLINE', '2020-02-01 10:05:04', '2009-07-30 23:02:52');
INSERT INTO `profiles` (`id`, `user_id`, `first_name`, `last_name`, `birth_date`, `country`, `city`, `status`, `created_at`, `updated_at`) VALUES (42, 42, 'Yvonne', 'Leannon', '1998-09-10', '8072538', 'Hamillland', 'ONLINE', '2016-01-05 03:03:18', '1977-04-07 06:50:36');
INSERT INTO `profiles` (`id`, `user_id`, `first_name`, `last_name`, `birth_date`, `country`, `city`, `status`, `created_at`, `updated_at`) VALUES (43, 43, 'Lucy', 'Becker', '1981-09-24', '44203', 'North Novellaberg', 'OFFLINE', '1972-04-30 00:17:36', '1991-02-11 18:27:27');
INSERT INTO `profiles` (`id`, `user_id`, `first_name`, `last_name`, `birth_date`, `country`, `city`, `status`, `created_at`, `updated_at`) VALUES (44, 44, 'Wilber', 'Wilderman', '2012-06-08', '358', 'East Bertaburgh', 'OFFLINE', '1980-05-06 08:04:52', '1982-04-19 01:32:19');
INSERT INTO `profiles` (`id`, `user_id`, `first_name`, `last_name`, `birth_date`, `country`, `city`, `status`, `created_at`, `updated_at`) VALUES (45, 45, 'Freda', 'Blick', '2010-06-22', '1951', 'New Geovanniberg', 'INACTIVE', '1996-04-04 10:32:16', '1987-05-03 04:16:27');
INSERT INTO `profiles` (`id`, `user_id`, `first_name`, `last_name`, `birth_date`, `country`, `city`, `status`, `created_at`, `updated_at`) VALUES (46, 46, 'Garth', 'Hickle', '1994-04-11', '', 'Goldnershire', 'ONLINE', '1978-04-16 07:10:37', '1972-10-31 05:05:03');
INSERT INTO `profiles` (`id`, `user_id`, `first_name`, `last_name`, `birth_date`, `country`, `city`, `status`, `created_at`, `updated_at`) VALUES (47, 47, 'Bart', 'Klocko', '1983-06-30', '23732125', 'Andersonville', 'OFFLINE', '1975-10-24 07:54:28', '1997-02-16 05:11:02');
INSERT INTO `profiles` (`id`, `user_id`, `first_name`, `last_name`, `birth_date`, `country`, `city`, `status`, `created_at`, `updated_at`) VALUES (48, 48, 'Lexie', 'McGlynn', '2011-05-24', '', 'Port Tommie', 'INACTIVE', '1987-05-20 12:09:23', '1997-12-29 19:40:28');
INSERT INTO `profiles` (`id`, `user_id`, `first_name`, `last_name`, `birth_date`, `country`, `city`, `status`, `created_at`, `updated_at`) VALUES (49, 49, 'Ulices', 'Olson', '1982-01-06', '', 'Sanfordstad', 'INACTIVE', '2017-03-03 23:44:32', '2000-08-11 09:17:47');
INSERT INTO `profiles` (`id`, `user_id`, `first_name`, `last_name`, `birth_date`, `country`, `city`, `status`, `created_at`, `updated_at`) VALUES (50, 50, 'Amani', 'Greenholt', '1979-08-04', '5', 'Lindamouth', 'ONLINE', '2014-08-27 16:07:24', '1977-10-02 02:24:22');
INSERT INTO `profiles` (`id`, `user_id`, `first_name`, `last_name`, `birth_date`, `country`, `city`, `status`, `created_at`, `updated_at`) VALUES (51, 51, 'Bessie', 'Fadel', '1982-03-17', '', 'Edgardoland', 'INACTIVE', '1996-06-20 14:36:16', '1999-11-08 04:26:06');
INSERT INTO `profiles` (`id`, `user_id`, `first_name`, `last_name`, `birth_date`, `country`, `city`, `status`, `created_at`, `updated_at`) VALUES (52, 52, 'Susan', 'Hahn', '1994-11-03', '3', 'South Florian', 'OFFLINE', '2019-06-16 17:14:11', '1971-02-21 13:30:42');
INSERT INTO `profiles` (`id`, `user_id`, `first_name`, `last_name`, `birth_date`, `country`, `city`, `status`, `created_at`, `updated_at`) VALUES (53, 53, 'Alphonso', 'Schmidt', '1990-01-14', '1', 'Javonhaven', 'OFFLINE', '1979-09-08 20:17:45', '2000-08-25 19:21:18');
INSERT INTO `profiles` (`id`, `user_id`, `first_name`, `last_name`, `birth_date`, `country`, `city`, `status`, `created_at`, `updated_at`) VALUES (54, 54, 'Brain', 'Ziemann', '1986-01-31', '234928239', 'Beiertown', 'OFFLINE', '1983-10-26 21:08:45', '2012-06-04 11:10:29');
INSERT INTO `profiles` (`id`, `user_id`, `first_name`, `last_name`, `birth_date`, `country`, `city`, `status`, `created_at`, `updated_at`) VALUES (55, 55, 'Matteo', 'Wilkinson', '2002-02-04', '944', 'New Pierce', 'INACTIVE', '1989-08-30 19:19:09', '1999-08-27 19:37:56');
INSERT INTO `profiles` (`id`, `user_id`, `first_name`, `last_name`, `birth_date`, `country`, `city`, `status`, `created_at`, `updated_at`) VALUES (56, 56, 'Kailey', 'Klocko', '1971-01-04', '', 'Runtehaven', 'ONLINE', '2015-01-24 15:42:29', '1976-10-19 01:44:45');
INSERT INTO `profiles` (`id`, `user_id`, `first_name`, `last_name`, `birth_date`, `country`, `city`, `status`, `created_at`, `updated_at`) VALUES (57, 57, 'Kenyon', 'Effertz', '1995-03-16', '18', 'West Hillary', 'INACTIVE', '2007-03-27 07:59:31', '1987-09-13 14:29:43');
INSERT INTO `profiles` (`id`, `user_id`, `first_name`, `last_name`, `birth_date`, `country`, `city`, `status`, `created_at`, `updated_at`) VALUES (58, 58, 'Letitia', 'Wyman', '1983-05-11', '109111541', 'West Deron', 'INACTIVE', '1991-11-09 12:06:26', '2009-06-26 14:06:52');
INSERT INTO `profiles` (`id`, `user_id`, `first_name`, `last_name`, `birth_date`, `country`, `city`, `status`, `created_at`, `updated_at`) VALUES (59, 59, 'Eunice', 'Eichmann', '2012-05-22', '991072', 'Beckerport', 'OFFLINE', '2006-06-02 20:25:14', '1975-01-29 05:19:33');
INSERT INTO `profiles` (`id`, `user_id`, `first_name`, `last_name`, `birth_date`, `country`, `city`, `status`, `created_at`, `updated_at`) VALUES (60, 60, 'Keyon', 'Feest', '2017-06-12', '64310823', 'Lake Ben', 'ONLINE', '1996-10-24 15:53:22', '1999-08-23 11:03:28');
INSERT INTO `profiles` (`id`, `user_id`, `first_name`, `last_name`, `birth_date`, `country`, `city`, `status`, `created_at`, `updated_at`) VALUES (61, 61, 'Hosea', 'Hamill', '2016-11-19', '2069', 'Jaskolskishire', 'INACTIVE', '2006-05-09 11:50:27', '1976-09-16 13:24:09');
INSERT INTO `profiles` (`id`, `user_id`, `first_name`, `last_name`, `birth_date`, `country`, `city`, `status`, `created_at`, `updated_at`) VALUES (62, 62, 'Elwyn', 'Zemlak', '2009-12-05', '2787062', 'Rutheside', 'OFFLINE', '1974-11-10 02:36:23', '1981-12-10 20:08:34');
INSERT INTO `profiles` (`id`, `user_id`, `first_name`, `last_name`, `birth_date`, `country`, `city`, `status`, `created_at`, `updated_at`) VALUES (63, 63, 'Bennie', 'Wunsch', '1996-08-05', '933', 'Zboncakstad', 'INACTIVE', '1992-11-27 20:01:13', '1991-05-07 20:41:07');
INSERT INTO `profiles` (`id`, `user_id`, `first_name`, `last_name`, `birth_date`, `country`, `city`, `status`, `created_at`, `updated_at`) VALUES (64, 64, 'Kristoffer', 'Legros', '2011-11-13', '7431', 'Port Rita', 'INACTIVE', '2002-07-05 13:41:11', '1983-02-07 13:50:55');
INSERT INTO `profiles` (`id`, `user_id`, `first_name`, `last_name`, `birth_date`, `country`, `city`, `status`, `created_at`, `updated_at`) VALUES (65, 65, 'Jett', 'Fay', '1975-01-31', '8221', 'Lake Kellie', 'OFFLINE', '1990-01-07 22:08:30', '1990-01-18 17:46:34');
INSERT INTO `profiles` (`id`, `user_id`, `first_name`, `last_name`, `birth_date`, `country`, `city`, `status`, `created_at`, `updated_at`) VALUES (66, 66, 'Susie', 'Heller', '1980-04-12', '68', 'South Dora', 'INACTIVE', '2005-09-25 21:59:52', '1996-04-10 19:04:49');
INSERT INTO `profiles` (`id`, `user_id`, `first_name`, `last_name`, `birth_date`, `country`, `city`, `status`, `created_at`, `updated_at`) VALUES (67, 67, 'Angelina', 'Cronin', '2000-01-30', '7', 'Nicolasburgh', 'OFFLINE', '2005-10-16 11:09:15', '1998-12-10 05:50:06');
INSERT INTO `profiles` (`id`, `user_id`, `first_name`, `last_name`, `birth_date`, `country`, `city`, `status`, `created_at`, `updated_at`) VALUES (68, 68, 'Cara', 'Gutkowski', '1988-03-01', '366', 'South Aliyaside', 'OFFLINE', '1990-10-16 23:16:31', '1982-01-06 15:31:11');
INSERT INTO `profiles` (`id`, `user_id`, `first_name`, `last_name`, `birth_date`, `country`, `city`, `status`, `created_at`, `updated_at`) VALUES (69, 69, 'Madisen', 'Schumm', '2017-06-02', '6461', 'Port Mohammed', 'OFFLINE', '1974-07-25 17:33:48', '2014-05-27 16:13:19');
INSERT INTO `profiles` (`id`, `user_id`, `first_name`, `last_name`, `birth_date`, `country`, `city`, `status`, `created_at`, `updated_at`) VALUES (70, 70, 'Alva', 'Mills', '2012-03-27', '', 'Thompsonstad', 'OFFLINE', '2019-12-17 17:13:40', '1981-05-30 16:43:31');
INSERT INTO `profiles` (`id`, `user_id`, `first_name`, `last_name`, `birth_date`, `country`, `city`, `status`, `created_at`, `updated_at`) VALUES (71, 71, 'Sharon', 'Hoppe', '2011-10-19', '5716', 'Tremainefort', 'INACTIVE', '1982-02-25 02:24:39', '2017-01-21 10:55:06');
INSERT INTO `profiles` (`id`, `user_id`, `first_name`, `last_name`, `birth_date`, `country`, `city`, `status`, `created_at`, `updated_at`) VALUES (72, 72, 'Raquel', 'Adams', '2016-06-17', '62', 'South Reynoldport', 'OFFLINE', '1990-01-14 17:05:51', '1971-05-26 09:32:13');
INSERT INTO `profiles` (`id`, `user_id`, `first_name`, `last_name`, `birth_date`, `country`, `city`, `status`, `created_at`, `updated_at`) VALUES (73, 73, 'Joelle', 'Mertz', '1982-11-19', '', 'Port Ruthtown', 'OFFLINE', '2004-12-15 22:47:22', '1981-07-29 14:32:38');
INSERT INTO `profiles` (`id`, `user_id`, `first_name`, `last_name`, `birth_date`, `country`, `city`, `status`, `created_at`, `updated_at`) VALUES (74, 74, 'Adelbert', 'Parker', '2012-05-29', '103746', 'Port Russtown', 'OFFLINE', '1984-08-20 15:23:39', '2012-10-06 01:21:23');
INSERT INTO `profiles` (`id`, `user_id`, `first_name`, `last_name`, `birth_date`, `country`, `city`, `status`, `created_at`, `updated_at`) VALUES (75, 75, 'Eileen', 'Predovic', '1990-08-24', '8810', 'Schmidtmouth', 'OFFLINE', '1997-10-11 20:35:51', '1981-09-27 17:50:33');
INSERT INTO `profiles` (`id`, `user_id`, `first_name`, `last_name`, `birth_date`, `country`, `city`, `status`, `created_at`, `updated_at`) VALUES (76, 76, 'Fiona', 'Mayert', '1983-10-21', '10052', 'East Delfinaport', 'OFFLINE', '2010-11-22 15:10:11', '2018-01-27 02:06:22');
INSERT INTO `profiles` (`id`, `user_id`, `first_name`, `last_name`, `birth_date`, `country`, `city`, `status`, `created_at`, `updated_at`) VALUES (77, 77, 'Ulises', 'Davis', '1971-09-07', '974428', 'Schustermouth', 'OFFLINE', '1970-06-08 15:24:17', '1978-08-10 16:34:11');
INSERT INTO `profiles` (`id`, `user_id`, `first_name`, `last_name`, `birth_date`, `country`, `city`, `status`, `created_at`, `updated_at`) VALUES (78, 78, 'Joshuah', 'Treutel', '1972-09-14', '6333322', 'Lake Myrafurt', 'OFFLINE', '1990-04-29 20:39:12', '1975-05-31 16:35:43');
INSERT INTO `profiles` (`id`, `user_id`, `first_name`, `last_name`, `birth_date`, `country`, `city`, `status`, `created_at`, `updated_at`) VALUES (79, 79, 'Constance', 'Deckow', '2015-08-30', '859023415', 'New Leland', 'OFFLINE', '1975-07-07 00:53:16', '1975-08-09 23:58:23');
INSERT INTO `profiles` (`id`, `user_id`, `first_name`, `last_name`, `birth_date`, `country`, `city`, `status`, `created_at`, `updated_at`) VALUES (80, 80, 'Hershel', 'Farrell', '2008-04-17', '781', 'Vandervortmouth', 'OFFLINE', '1983-10-09 17:00:04', '2015-11-28 13:01:45');
INSERT INTO `profiles` (`id`, `user_id`, `first_name`, `last_name`, `birth_date`, `country`, `city`, `status`, `created_at`, `updated_at`) VALUES (81, 81, 'Ashleigh', 'Crooks', '1973-12-19', '51752415', 'Willfort', 'OFFLINE', '1989-06-30 04:21:09', '2005-05-27 20:25:52');
INSERT INTO `profiles` (`id`, `user_id`, `first_name`, `last_name`, `birth_date`, `country`, `city`, `status`, `created_at`, `updated_at`) VALUES (82, 82, 'Alysa', 'Murphy', '2009-04-10', '479', 'South Ivahchester', 'ONLINE', '1976-11-07 20:36:29', '2005-05-22 19:11:41');
INSERT INTO `profiles` (`id`, `user_id`, `first_name`, `last_name`, `birth_date`, `country`, `city`, `status`, `created_at`, `updated_at`) VALUES (83, 83, 'Janiya', 'Carter', '1975-10-20', '112234', 'Lake Leonardo', 'OFFLINE', '2005-09-17 14:11:08', '2002-12-07 19:48:26');
INSERT INTO `profiles` (`id`, `user_id`, `first_name`, `last_name`, `birth_date`, `country`, `city`, `status`, `created_at`, `updated_at`) VALUES (84, 84, 'Hunter', 'Murphy', '2011-03-07', '307', 'Mosciskimouth', 'INACTIVE', '1989-02-24 04:27:04', '2000-02-07 14:31:43');
INSERT INTO `profiles` (`id`, `user_id`, `first_name`, `last_name`, `birth_date`, `country`, `city`, `status`, `created_at`, `updated_at`) VALUES (85, 85, 'Vincenza', 'Morar', '2019-10-10', '298886', 'North Annabelton', 'ONLINE', '2000-02-24 01:26:28', '2015-07-04 00:52:03');
INSERT INTO `profiles` (`id`, `user_id`, `first_name`, `last_name`, `birth_date`, `country`, `city`, `status`, `created_at`, `updated_at`) VALUES (86, 86, 'Juvenal', 'Schimmel', '2020-05-25', '37014', 'Cameronport', 'ONLINE', '1972-12-13 11:28:18', '1977-08-12 03:45:25');
INSERT INTO `profiles` (`id`, `user_id`, `first_name`, `last_name`, `birth_date`, `country`, `city`, `status`, `created_at`, `updated_at`) VALUES (87, 87, 'Sylvester', 'Rohan', '2008-05-07', '33363035', 'East Krystal', 'INACTIVE', '1996-07-15 10:59:51', '2017-10-31 14:10:48');
INSERT INTO `profiles` (`id`, `user_id`, `first_name`, `last_name`, `birth_date`, `country`, `city`, `status`, `created_at`, `updated_at`) VALUES (88, 88, 'Rick', 'Walter', '1991-12-20', '23833', 'Rolandoland', 'OFFLINE', '1981-01-07 18:42:17', '1987-07-09 01:04:19');
INSERT INTO `profiles` (`id`, `user_id`, `first_name`, `last_name`, `birth_date`, `country`, `city`, `status`, `created_at`, `updated_at`) VALUES (89, 89, 'Francis', 'Wisozk', '2012-03-21', '73822371', 'South Citlalli', 'INACTIVE', '2011-09-21 17:13:25', '2020-03-23 03:14:22');
INSERT INTO `profiles` (`id`, `user_id`, `first_name`, `last_name`, `birth_date`, `country`, `city`, `status`, `created_at`, `updated_at`) VALUES (90, 90, 'Madge', 'Reynolds', '1992-03-29', '41497', 'West Kianna', 'OFFLINE', '2012-04-27 09:18:27', '2015-06-15 03:20:49');
INSERT INTO `profiles` (`id`, `user_id`, `first_name`, `last_name`, `birth_date`, `country`, `city`, `status`, `created_at`, `updated_at`) VALUES (91, 91, 'Margret', 'Hayes', '1980-06-13', '', 'East Dorcasfort', 'ONLINE', '2016-05-18 22:13:12', '2019-01-10 11:40:02');
INSERT INTO `profiles` (`id`, `user_id`, `first_name`, `last_name`, `birth_date`, `country`, `city`, `status`, `created_at`, `updated_at`) VALUES (92, 92, 'Roel', 'Dickinson', '1985-05-13', '10118447', 'Treverside', 'ONLINE', '1971-02-19 23:45:30', '2014-03-25 19:20:29');
INSERT INTO `profiles` (`id`, `user_id`, `first_name`, `last_name`, `birth_date`, `country`, `city`, `status`, `created_at`, `updated_at`) VALUES (93, 93, 'Roderick', 'Hoppe', '2000-07-16', '5', 'Port Benton', 'ONLINE', '1981-11-03 20:35:52', '2018-08-18 15:36:14');
INSERT INTO `profiles` (`id`, `user_id`, `first_name`, `last_name`, `birth_date`, `country`, `city`, `status`, `created_at`, `updated_at`) VALUES (94, 94, 'Kenna', 'Carroll', '1988-04-02', '8614866', 'Prohaskaville', 'ONLINE', '1985-06-26 00:09:14', '1973-07-08 15:11:55');
INSERT INTO `profiles` (`id`, `user_id`, `first_name`, `last_name`, `birth_date`, `country`, `city`, `status`, `created_at`, `updated_at`) VALUES (95, 95, 'Nestor', 'Rippin', '1996-01-20', '402075402', 'West Jon', 'ONLINE', '1992-11-11 06:35:51', '1984-04-20 15:46:08');
INSERT INTO `profiles` (`id`, `user_id`, `first_name`, `last_name`, `birth_date`, `country`, `city`, `status`, `created_at`, `updated_at`) VALUES (96, 96, 'Hettie', 'Leuschke', '2014-07-01', '746066', 'Batzland', 'OFFLINE', '2002-01-23 15:01:22', '2011-10-28 06:34:54');
INSERT INTO `profiles` (`id`, `user_id`, `first_name`, `last_name`, `birth_date`, `country`, `city`, `status`, `created_at`, `updated_at`) VALUES (97, 97, 'Casimir', 'Carroll', '1980-07-29', '24786', 'Dietrichshire', 'ONLINE', '1983-12-19 08:22:31', '2003-04-24 11:10:03');
INSERT INTO `profiles` (`id`, `user_id`, `first_name`, `last_name`, `birth_date`, `country`, `city`, `status`, `created_at`, `updated_at`) VALUES (98, 98, 'Kellie', 'Williamson', '1977-12-07', '5', 'Theresiastad', 'INACTIVE', '1983-09-19 13:32:05', '1977-11-01 03:56:34');
INSERT INTO `profiles` (`id`, `user_id`, `first_name`, `last_name`, `birth_date`, `country`, `city`, `status`, `created_at`, `updated_at`) VALUES (99, 99, 'Rita', 'Trantow', '2020-06-23', '', 'Daughertyfort', 'OFFLINE', '1991-03-15 03:12:23', '1996-11-24 01:25:11');
INSERT INTO `profiles` (`id`, `user_id`, `first_name`, `last_name`, `birth_date`, `country`, `city`, `status`, `created_at`, `updated_at`) VALUES (100, 100, 'Vladimir', 'Jacobi', '1994-05-10', '5667204', 'West Larueburgh', 'INACTIVE', '2002-07-10 05:31:42', '2020-08-25 21:33:02');

-- -- Заполнение таблицы Messages--
INSERT INTO `messages` (`id`, `from_user_id`, `to_user_id`, `message_header`, `message_body`, `is_delivered`, `was_edited`, `created_at`, `updated_at`) VALUES (1, 84, 75, 'Soluta quas omnis omnis praesentium sint quia. Nesciunt porro temporibus optio aut impedit.', 'Voluptas et nihil consequuntur aut quasi. Nam nulla ab fugit molestiae. Illo est velit fuga omnis adipisci veniam.', 1, 0, '1977-06-19 18:01:59', '1992-07-14 22:05:44');
INSERT INTO `messages` (`id`, `from_user_id`, `to_user_id`, `message_header`, `message_body`, `is_delivered`, `was_edited`, `created_at`, `updated_at`) VALUES (2, 8, 74, 'Numquam recusandae sit rerum saepe ullam totam autem. Nostrum corrupti deserunt neque ut quia omnis quo aliquid. Sint minima fugit quidem sint tempore ducimus.', 'Cumque et aut esse modi error. Perspiciatis consequatur dolorum est quia unde. Officia molestias eius omnis totam veritatis labore enim.', 0, 0, '2009-01-21 04:01:29', '2015-06-19 02:26:24');
INSERT INTO `messages` (`id`, `from_user_id`, `to_user_id`, `message_header`, `message_body`, `is_delivered`, `was_edited`, `created_at`, `updated_at`) VALUES (3, 22, 48, 'Mollitia dicta quia est ut doloribus quas repudiandae. Voluptatem voluptatibus voluptas et et. Magnam et quia nihil officiis.', 'Magni dolorem est et id. Nobis sint aut et nemo et.', 1, 0, '1978-11-01 22:38:55', '1972-02-28 22:32:43');
INSERT INTO `messages` (`id`, `from_user_id`, `to_user_id`, `message_header`, `message_body`, `is_delivered`, `was_edited`, `created_at`, `updated_at`) VALUES (4, 1, 34, 'Autem et accusamus ut quaerat enim vero. Excepturi vitae beatae qui dolorem.', 'Exercitationem hic qui nesciunt dolores non. Omnis maiores ea enim earum et dolor repellat. Repudiandae animi perferendis sed dolorum qui.', 1, 0, '2013-10-13 00:54:04', '2006-09-10 09:51:47');
INSERT INTO `messages` (`id`, `from_user_id`, `to_user_id`, `message_header`, `message_body`, `is_delivered`, `was_edited`, `created_at`, `updated_at`) VALUES (5, 94, 25, 'Dolor temporibus nihil et aspernatur veniam debitis amet. Accusantium aliquam omnis praesentium qui. Rerum repudiandae minus quo sed accusamus aperiam delectus. Qui enim veritatis rem quisquam temporibus.', 'Sint sed et nemo mollitia deserunt quam veritatis. Commodi quas earum quam iure omnis. Sit maiores laboriosam quia magni.', 0, 0, '1999-06-23 16:04:07', '2007-01-03 17:04:54');
INSERT INTO `messages` (`id`, `from_user_id`, `to_user_id`, `message_header`, `message_body`, `is_delivered`, `was_edited`, `created_at`, `updated_at`) VALUES (6, 7, 3, 'A et id aut suscipit inventore. Vitae quaerat quos id nobis. Minima accusantium voluptatem modi tempora sed est. Ex non quibusdam commodi cumque magni natus vitae id. Qui eveniet dolorem laboriosam voluptatem sit magnam sunt.', 'Ut fuga sequi ab et dolorem porro repudiandae modi. Illo officiis omnis officia est quod expedita. Labore veritatis similique delectus ullam inventore aut. Neque ut aut explicabo tenetur nulla nobis.', 1, 0, '1999-07-26 16:12:05', '1983-01-29 00:50:22');
INSERT INTO `messages` (`id`, `from_user_id`, `to_user_id`, `message_header`, `message_body`, `is_delivered`, `was_edited`, `created_at`, `updated_at`) VALUES (7, 54, 61, 'Aliquam aut accusamus et. Iste voluptas fugit ut tempora. Voluptate quia voluptas voluptatum est. Amet libero ratione beatae voluptas.', 'Nemo corrupti nobis et dicta. Est impedit exercitationem dolorem maxime autem omnis.', 1, 0, '1983-06-28 09:49:12', '1977-12-24 00:04:14');
INSERT INTO `messages` (`id`, `from_user_id`, `to_user_id`, `message_header`, `message_body`, `is_delivered`, `was_edited`, `created_at`, `updated_at`) VALUES (8, 55, 31, 'Voluptatum quo voluptatem est veritatis accusamus. Id illo occaecati sint est excepturi ullam quibusdam. Aut saepe ipsa voluptatem tempora sit.', 'Ullam autem est qui et omnis adipisci dolor. Laboriosam quibusdam nemo quo aut. Autem nulla officiis ut voluptas fugiat ea. Saepe dolores dicta et corrupti. Quia recusandae dolorem neque corrupti.', 1, 0, '1992-06-18 01:10:28', '1994-04-22 01:51:22');
INSERT INTO `messages` (`id`, `from_user_id`, `to_user_id`, `message_header`, `message_body`, `is_delivered`, `was_edited`, `created_at`, `updated_at`) VALUES (9, 74, 11, 'Vel libero autem voluptates consequuntur cum molestias sit quae. Aut ipsam et ipsum qui fuga qui. Quis sint nam consequatur et totam. Blanditiis placeat adipisci provident quis.', 'Aut et perferendis ut adipisci nesciunt eaque et. Accusantium quo inventore aut consequatur qui. Est perferendis velit consectetur laboriosam cumque dolores.', 0, 0, '1985-10-24 08:06:43', '1985-01-29 14:39:33');
INSERT INTO `messages` (`id`, `from_user_id`, `to_user_id`, `message_header`, `message_body`, `is_delivered`, `was_edited`, `created_at`, `updated_at`) VALUES (10, 80, 88, 'Itaque aspernatur ut delectus est nobis. Consequatur quo quidem est maxime nulla quia quaerat.', 'Dolore eius voluptate incidunt adipisci doloremque. Et corporis est sed quia et ut. Vero vero exercitationem veritatis sequi.', 1, 0, '1983-05-18 13:01:11', '1975-04-17 07:42:14');
INSERT INTO `messages` (`id`, `from_user_id`, `to_user_id`, `message_header`, `message_body`, `is_delivered`, `was_edited`, `created_at`, `updated_at`) VALUES (11, 72, 10, 'Vitae laborum perspiciatis sit praesentium. Laborum ex animi molestias reprehenderit numquam dolorem. Eveniet eum voluptas exercitationem ut distinctio nobis.', 'Incidunt ratione molestias laudantium dolorum ut id. Reiciendis hic qui pariatur qui. Ad natus temporibus officia quia qui deserunt velit. Explicabo repellendus impedit aut.', 0, 0, '2010-01-12 06:59:49', '2012-07-09 03:18:54');
INSERT INTO `messages` (`id`, `from_user_id`, `to_user_id`, `message_header`, `message_body`, `is_delivered`, `was_edited`, `created_at`, `updated_at`) VALUES (12, 96, 61, 'Sit mollitia ipsam error at neque. Odit quidem et qui officiis eius. Commodi laboriosam incidunt nesciunt ipsam possimus velit.', 'Et et sit aut optio voluptatibus. Assumenda repudiandae aliquam at eum. Illo quas enim a asperiores quia et.', 0, 0, '1998-07-04 18:35:44', '1975-03-17 22:19:29');
INSERT INTO `messages` (`id`, `from_user_id`, `to_user_id`, `message_header`, `message_body`, `is_delivered`, `was_edited`, `created_at`, `updated_at`) VALUES (13, 17, 45, 'Dolor blanditiis laboriosam quis ut architecto quis velit ab. Sint adipisci culpa porro autem soluta provident. Ea pariatur ea nesciunt suscipit.', 'At sed illum in atque est qui. Consequuntur nihil facere deleniti perspiciatis. Saepe sint corrupti voluptatem officiis.', 0, 0, '2000-09-19 21:41:40', '1995-10-28 09:18:38');
INSERT INTO `messages` (`id`, `from_user_id`, `to_user_id`, `message_header`, `message_body`, `is_delivered`, `was_edited`, `created_at`, `updated_at`) VALUES (14, 84, 54, 'Quidem fugiat voluptatibus repellendus maxime rerum est aut. Aut quaerat magnam dolores enim facere suscipit. Officiis quos deserunt quis iure aliquid. Enim ut ut velit cumque.', 'Quo fuga voluptatum eligendi ea quisquam. Quam rerum ipsa ut quia tempora recusandae aspernatur. Ipsa esse earum consequatur enim labore amet amet.', 0, 0, '1971-09-30 10:05:54', '2016-12-30 12:25:02');
INSERT INTO `messages` (`id`, `from_user_id`, `to_user_id`, `message_header`, `message_body`, `is_delivered`, `was_edited`, `created_at`, `updated_at`) VALUES (15, 68, 54, 'Vel ea omnis ut facilis et quaerat. Molestiae eaque eligendi perspiciatis illum fugit dicta.', 'Error voluptas et quod cupiditate perspiciatis fugit. Aut provident debitis asperiores nihil et a a. Aut vero repudiandae odit et. Tempore ut aut expedita alias enim et pariatur.', 1, 0, '1976-03-10 22:17:03', '2004-09-20 17:37:35');
INSERT INTO `messages` (`id`, `from_user_id`, `to_user_id`, `message_header`, `message_body`, `is_delivered`, `was_edited`, `created_at`, `updated_at`) VALUES (16, 8, 52, 'Quia itaque et dolorem sapiente qui. Omnis maiores earum qui perferendis aut fugiat laudantium. Eaque alias id reiciendis omnis laudantium.', 'Doloribus similique inventore quidem non labore facilis. Perferendis voluptatem dicta sint. Non optio esse sit non maiores voluptatibus.', 0, 0, '2000-08-25 06:47:42', '2006-08-04 02:47:30');
INSERT INTO `messages` (`id`, `from_user_id`, `to_user_id`, `message_header`, `message_body`, `is_delivered`, `was_edited`, `created_at`, `updated_at`) VALUES (17, 28, 16, 'Est eaque sit deserunt eum. Qui aut tenetur excepturi similique qui. Rem hic est consequatur non omnis magni.', 'Sit aut rerum et laborum. Qui illo aut molestiae fuga aliquid maxime. Et qui architecto est cumque harum excepturi porro.', 1, 0, '1989-09-13 05:02:04', '1996-12-11 07:20:53');
INSERT INTO `messages` (`id`, `from_user_id`, `to_user_id`, `message_header`, `message_body`, `is_delivered`, `was_edited`, `created_at`, `updated_at`) VALUES (18, 25, 50, 'Magnam libero commodi praesentium corporis ullam perferendis rerum. Dolores accusamus veniam animi vel voluptatibus odio perferendis aliquid. Eum recusandae magnam autem molestiae magni magnam.', 'Inventore ea dolores maxime ad fuga tempora sit. Et cum adipisci quos tenetur non suscipit ut. Assumenda vitae voluptatem sed provident. Labore quos amet qui non libero doloremque.', 0, 0, '2008-08-18 18:32:01', '2013-02-27 01:03:07');
INSERT INTO `messages` (`id`, `from_user_id`, `to_user_id`, `message_header`, `message_body`, `is_delivered`, `was_edited`, `created_at`, `updated_at`) VALUES (19, 63, 26, 'Harum aut rerum minima ut deserunt consequatur. Aut ducimus accusantium ullam autem quis. Dolor id recusandae animi quos dignissimos. Saepe rerum aut sed eius impedit.', 'Labore id illo accusantium rerum. Quos et eius autem dicta. Est explicabo incidunt numquam incidunt tempora tempore dolorem.', 1, 0, '2008-12-19 01:24:09', '1971-08-30 05:28:05');
INSERT INTO `messages` (`id`, `from_user_id`, `to_user_id`, `message_header`, `message_body`, `is_delivered`, `was_edited`, `created_at`, `updated_at`) VALUES (20, 83, 56, 'Totam nihil iste accusantium asperiores explicabo quas. Est necessitatibus aliquid sit cupiditate omnis aspernatur dolores et. Optio suscipit ut et.', 'Laborum et iusto consequatur repellat modi. Doloribus numquam eum dicta voluptatem mollitia. Omnis itaque at maiores dolor. Pariatur et eum aspernatur ut. Magnam qui quia veniam modi et non id officiis.', 0, 0, '1974-11-28 08:05:44', '2013-11-03 17:38:59');
INSERT INTO `messages` (`id`, `from_user_id`, `to_user_id`, `message_header`, `message_body`, `is_delivered`, `was_edited`, `created_at`, `updated_at`) VALUES (21, 51, 89, 'Qui est molestiae amet esse ratione. Culpa culpa aut quasi quo non temporibus nesciunt recusandae. Atque velit officia voluptatem consequuntur ab esse. Nihil sapiente possimus et ut earum.', 'Numquam soluta qui aliquid aut assumenda quisquam sunt. Voluptatem fuga accusamus similique eligendi fuga quibusdam libero. Eveniet accusamus explicabo minus nesciunt architecto. Adipisci autem quia autem commodi.', 1, 0, '1980-05-09 06:57:56', '2020-07-19 22:47:44');
INSERT INTO `messages` (`id`, `from_user_id`, `to_user_id`, `message_header`, `message_body`, `is_delivered`, `was_edited`, `created_at`, `updated_at`) VALUES (22, 59, 4, 'Dolorum omnis distinctio quis earum quaerat accusantium rerum. Excepturi non accusamus fuga maxime vitae. Possimus dolores velit quia consectetur natus. Voluptatem perspiciatis minus quisquam et quod necessitatibus.', 'Et deleniti ad qui omnis id sint ipsa. Ratione maiores perferendis repellat sunt. Recusandae distinctio qui magni temporibus aut exercitationem. Est enim necessitatibus reiciendis esse incidunt voluptatibus.', 0, 0, '2007-11-12 20:55:46', '2019-10-24 08:42:03');
INSERT INTO `messages` (`id`, `from_user_id`, `to_user_id`, `message_header`, `message_body`, `is_delivered`, `was_edited`, `created_at`, `updated_at`) VALUES (23, 50, 14, 'Minima rerum autem optio dolorem aut architecto nobis. Sit labore quaerat vel laboriosam rerum quo. Distinctio aspernatur consequatur illo dolor cum. Totam est nisi veritatis illum tempore omnis iusto magni.', 'Aperiam unde ratione sit pariatur autem. Adipisci velit optio quis ad qui temporibus. Ipsum est earum rerum reiciendis inventore.', 0, 0, '2021-05-12 19:53:21', '2013-01-03 20:41:03');
INSERT INTO `messages` (`id`, `from_user_id`, `to_user_id`, `message_header`, `message_body`, `is_delivered`, `was_edited`, `created_at`, `updated_at`) VALUES (24, 34, 24, 'Consequatur eos libero laudantium illo. A qui eligendi quia quae inventore sunt quia. Rem amet praesentium consequatur ut.', 'Voluptate aut ut sunt corrupti. Hic dolor quia voluptatum in rerum. Quae inventore quod exercitationem omnis et omnis. Possimus ipsam id eligendi.', 1, 0, '1978-12-19 02:47:01', '1977-12-04 05:17:15');
INSERT INTO `messages` (`id`, `from_user_id`, `to_user_id`, `message_header`, `message_body`, `is_delivered`, `was_edited`, `created_at`, `updated_at`) VALUES (25, 24, 13, 'Velit eaque et ut deserunt dolores dolorum eius. Aperiam quasi fugit sed quos esse voluptas eos. Est quo aut ea sunt numquam mollitia.', 'Earum reiciendis rem dolore earum temporibus. Voluptatem amet corrupti officiis rem laborum est. Eligendi ipsa quidem dolorum dolore veniam sunt vero. A provident eaque vel officiis et praesentium maiores. Debitis qui facere aliquam earum occaecati molestiae.', 1, 0, '1981-02-14 10:08:18', '2008-04-28 09:35:34');
INSERT INTO `messages` (`id`, `from_user_id`, `to_user_id`, `message_header`, `message_body`, `is_delivered`, `was_edited`, `created_at`, `updated_at`) VALUES (26, 11, 95, 'Deserunt facilis voluptates libero. Aut deserunt aut laborum necessitatibus aut accusamus laboriosam. Quidem vel molestiae et delectus explicabo facere assumenda. Quo et molestiae ea quam aut.', 'Saepe rerum sit incidunt incidunt rerum distinctio possimus perferendis. Maxime eligendi non laborum autem perferendis voluptatibus ratione. Sed odio molestiae perferendis rerum asperiores. Odit omnis at voluptas debitis praesentium minima quam laboriosam.', 0, 0, '1995-12-04 16:09:05', '1974-12-07 06:59:49');
INSERT INTO `messages` (`id`, `from_user_id`, `to_user_id`, `message_header`, `message_body`, `is_delivered`, `was_edited`, `created_at`, `updated_at`) VALUES (27, 23, 7, 'Eos unde dolores est. Ad quibusdam aut eligendi voluptas velit voluptatibus repudiandae dolorum. Eligendi nihil sit minus voluptatem aut voluptas. Consequatur qui aspernatur eum sed accusamus fuga a.', 'Quasi totam cum possimus nobis magnam et quasi itaque. Voluptatem laboriosam suscipit in ducimus ex maiores. Rerum sed praesentium aperiam esse velit harum. Est corrupti nihil cumque iusto.', 0, 0, '1992-07-07 14:56:44', '1977-08-11 13:51:45');
INSERT INTO `messages` (`id`, `from_user_id`, `to_user_id`, `message_header`, `message_body`, `is_delivered`, `was_edited`, `created_at`, `updated_at`) VALUES (28, 55, 39, 'A non recusandae eos commodi iste. Porro at neque et amet id eum accusamus.', 'Dolores neque vero aut dolor vel quos dignissimos. Id quasi culpa vero voluptas quo ex quo. Magnam molestiae provident occaecati. Qui eos repellendus et omnis in vel.', 1, 0, '2019-03-10 13:09:31', '1983-05-19 14:58:27');
INSERT INTO `messages` (`id`, `from_user_id`, `to_user_id`, `message_header`, `message_body`, `is_delivered`, `was_edited`, `created_at`, `updated_at`) VALUES (29, 51, 39, 'Corrupti in labore doloribus dolorem. Facilis harum ea molestiae rerum.', 'Dolorum voluptatem non voluptatem voluptatibus dolores. Nam fugiat architecto aut harum. Id voluptatum nemo eum suscipit inventore laboriosam accusamus quisquam.', 1, 0, '2002-05-23 13:06:59', '1994-04-19 10:42:04');
INSERT INTO `messages` (`id`, `from_user_id`, `to_user_id`, `message_header`, `message_body`, `is_delivered`, `was_edited`, `created_at`, `updated_at`) VALUES (30, 93, 19, 'Itaque natus perferendis ea deleniti mollitia optio. Quisquam sit laboriosam temporibus autem deserunt praesentium deserunt labore. Quaerat eos quaerat fuga illum. Nesciunt ratione aut nesciunt ex omnis sit nisi unde. Maiores qui aut at repellat sed et au', 'Fugiat qui aliquid sit error sint qui velit. Fugit nihil aut fugit facilis dolorem. Repellendus non voluptas aperiam sit possimus cumque.', 0, 0, '2017-09-11 20:03:58', '2011-03-11 14:17:05');
INSERT INTO `messages` (`id`, `from_user_id`, `to_user_id`, `message_header`, `message_body`, `is_delivered`, `was_edited`, `created_at`, `updated_at`) VALUES (31, 92, 1, 'Et nesciunt pariatur et sint voluptas. Atque molestiae maxime dolor quo exercitationem ab fuga. Quaerat aut dolorem repellat adipisci quis mollitia. Eum asperiores et suscipit possimus perspiciatis sapiente.', 'Corrupti facilis aperiam deleniti et suscipit possimus sequi. Tempore recusandae fugiat sit. Id earum ut quis beatae quo ipsam qui.', 1, 0, '1998-01-01 07:57:53', '1980-09-28 02:25:42');
INSERT INTO `messages` (`id`, `from_user_id`, `to_user_id`, `message_header`, `message_body`, `is_delivered`, `was_edited`, `created_at`, `updated_at`) VALUES (32, 70, 20, 'Tempore qui in beatae repellat molestiae. Earum tempora ipsam facere enim distinctio accusamus. Et nobis rerum est qui voluptatem qui.', 'Non nam enim maxime rem asperiores est perspiciatis. Dolor voluptatem fugiat magnam doloremque expedita praesentium dolores. Praesentium maxime fugit deserunt aspernatur. Necessitatibus eos veniam consequatur dignissimos hic deleniti quo.', 0, 0, '1982-04-28 23:02:59', '1987-07-09 13:09:45');
INSERT INTO `messages` (`id`, `from_user_id`, `to_user_id`, `message_header`, `message_body`, `is_delivered`, `was_edited`, `created_at`, `updated_at`) VALUES (33, 16, 95, 'Nemo alias sequi sed quis maiores similique ut ut. Expedita voluptatem quia natus. Suscipit ea doloribus sapiente quibusdam.', 'Cumque aut quam temporibus occaecati fugit nostrum cum. Aut dolor iusto assumenda cupiditate dolorum eum quis autem. Nam magnam facere ut eveniet delectus illum. Voluptatibus sit autem repellendus totam sed amet. Unde vel vitae qui autem.', 1, 0, '1992-05-27 06:13:17', '2010-06-20 01:13:44');
INSERT INTO `messages` (`id`, `from_user_id`, `to_user_id`, `message_header`, `message_body`, `is_delivered`, `was_edited`, `created_at`, `updated_at`) VALUES (34, 69, 78, 'Quia eligendi voluptatem dolores deserunt laboriosam ut. Est deserunt dolor ut est qui omnis perferendis corrupti. Quis dignissimos numquam sunt natus consequuntur dolorem ea.', 'Ut et dolorem ad soluta. Dolor quia exercitationem a tempora quam enim quam. Incidunt id sunt voluptatem commodi vero in.', 0, 0, '2007-04-29 03:48:53', '2015-04-06 04:59:26');
INSERT INTO `messages` (`id`, `from_user_id`, `to_user_id`, `message_header`, `message_body`, `is_delivered`, `was_edited`, `created_at`, `updated_at`) VALUES (35, 21, 52, 'Beatae fugit natus possimus molestias maiores. Autem laudantium iure soluta consequuntur harum quam nam. Doloribus est cum iusto aspernatur ut qui id. Deleniti et ipsam mollitia beatae magnam quam.', 'Harum sapiente tenetur modi quo qui voluptates. Eveniet numquam qui dolorem non iste voluptas delectus.', 1, 0, '1972-04-27 15:00:56', '2021-01-15 01:57:50');
INSERT INTO `messages` (`id`, `from_user_id`, `to_user_id`, `message_header`, `message_body`, `is_delivered`, `was_edited`, `created_at`, `updated_at`) VALUES (36, 33, 71, 'Corrupti a et ut est quia. Quos fugit perspiciatis error perspiciatis velit. Nobis consectetur optio consectetur. Explicabo at animi expedita repellendus ipsa qui unde. Facere dolorem nobis velit dignissimos.', 'Quisquam sed facere magni est consequatur quis aut. Pariatur eum placeat non quisquam. Et quos suscipit voluptatem reprehenderit laborum aliquid adipisci numquam. Ad suscipit est et quis sed magnam aut.', 1, 0, '1994-09-10 01:28:52', '1994-02-22 06:11:28');
INSERT INTO `messages` (`id`, `from_user_id`, `to_user_id`, `message_header`, `message_body`, `is_delivered`, `was_edited`, `created_at`, `updated_at`) VALUES (37, 40, 92, 'Asperiores quasi maxime ullam vel perferendis. Quis enim ipsum ea magni. Atque voluptatibus rerum voluptatibus voluptatem possimus voluptas.', 'Atque cupiditate aut velit dolorem ut earum. Doloribus perferendis aperiam consequatur molestiae. Eligendi repellat ut iste corporis debitis officia.', 1, 0, '1982-08-14 10:39:46', '1997-12-03 08:08:56');
INSERT INTO `messages` (`id`, `from_user_id`, `to_user_id`, `message_header`, `message_body`, `is_delivered`, `was_edited`, `created_at`, `updated_at`) VALUES (38, 74, 90, 'Accusamus sed est qui quo facere magni dolorum. Praesentium sed ex et animi eligendi vitae. Et quia quaerat non consequatur eveniet et recusandae. Aliquid quo adipisci rerum.', 'Totam minus ut atque et voluptatem debitis omnis dolorum. Qui aut consectetur rerum sapiente voluptate. Magnam autem illum quidem itaque nisi dolores iure occaecati. Et minima mollitia placeat consequatur ut in nostrum.', 0, 0, '1993-02-25 20:09:26', '1972-06-18 05:22:56');
INSERT INTO `messages` (`id`, `from_user_id`, `to_user_id`, `message_header`, `message_body`, `is_delivered`, `was_edited`, `created_at`, `updated_at`) VALUES (39, 5, 7, 'Quos omnis eum consequuntur laboriosam ullam vitae earum. Ea facere cupiditate sit ipsum.', 'Enim libero eveniet soluta impedit inventore et qui possimus. Quod sed quis soluta est sunt. Sed hic sint consectetur id. Incidunt ut assumenda et eveniet.', 1, 0, '1990-10-16 17:56:55', '1978-06-01 07:43:27');
INSERT INTO `messages` (`id`, `from_user_id`, `to_user_id`, `message_header`, `message_body`, `is_delivered`, `was_edited`, `created_at`, `updated_at`) VALUES (40, 13, 28, 'Explicabo nam pariatur perspiciatis quos corrupti est enim. Omnis velit quo ea explicabo assumenda aspernatur. Mollitia consequuntur et consequatur vitae facilis placeat at. Saepe soluta qui voluptates earum tempore dignissimos.', 'Dolorem quas omnis hic rem numquam perferendis autem. Repellat numquam repudiandae qui voluptates. Dolorem quia dolorem mollitia quis sunt debitis fuga.', 1, 0, '1991-03-27 03:35:09', '2000-06-06 01:50:08');
INSERT INTO `messages` (`id`, `from_user_id`, `to_user_id`, `message_header`, `message_body`, `is_delivered`, `was_edited`, `created_at`, `updated_at`) VALUES (41, 20, 24, 'Voluptates inventore velit recusandae. Earum atque necessitatibus est a aut. Quia rerum et officiis ipsum dolor. Ut itaque aliquam voluptates beatae debitis.', 'Culpa fuga sed maxime est error cum rerum. Et labore nihil beatae minima odio. Est rerum et vel voluptatibus. Sed ut aut sed impedit perferendis.', 0, 0, '1992-06-14 01:21:40', '1999-04-30 08:35:29');
INSERT INTO `messages` (`id`, `from_user_id`, `to_user_id`, `message_header`, `message_body`, `is_delivered`, `was_edited`, `created_at`, `updated_at`) VALUES (42, 23, 42, 'Eos quia a modi eos error id quis. Dicta quasi voluptatem laborum quisquam dolores omnis et. Consequatur cum corrupti provident hic autem assumenda. Quaerat eum sed dolorum.', 'Architecto deserunt corporis vero. Placeat blanditiis recusandae rem commodi. Id voluptas beatae maiores doloribus. Quidem quisquam consequuntur aliquid ea eum rerum.', 1, 0, '2002-05-27 18:32:13', '1986-07-10 00:43:05');
INSERT INTO `messages` (`id`, `from_user_id`, `to_user_id`, `message_header`, `message_body`, `is_delivered`, `was_edited`, `created_at`, `updated_at`) VALUES (43, 30, 78, 'Assumenda laborum culpa iste et consequuntur sunt. Maiores ex aut doloremque at perspiciatis optio quia enim. Ut harum dignissimos ut et harum. Ipsam facilis quidem soluta ut.', 'Enim aut asperiores labore error eum ut qui animi. Placeat natus illum esse ut.', 1, 0, '1977-05-05 00:55:05', '1974-05-07 12:37:22');
INSERT INTO `messages` (`id`, `from_user_id`, `to_user_id`, `message_header`, `message_body`, `is_delivered`, `was_edited`, `created_at`, `updated_at`) VALUES (44, 81, 81, 'Saepe vitae corrupti sequi voluptatibus inventore id veniam. Aut soluta distinctio aperiam. Impedit dolores sunt recusandae et modi eos. Autem fuga modi qui rem quidem.', 'Dolores minima praesentium est laudantium repellendus. Reiciendis et animi eligendi omnis nihil enim voluptates. Eos repellat ipsam veritatis sunt. Omnis non dolore dicta ut ad.', 0, 0, '1993-07-03 05:11:25', '1998-06-22 05:20:40');
INSERT INTO `messages` (`id`, `from_user_id`, `to_user_id`, `message_header`, `message_body`, `is_delivered`, `was_edited`, `created_at`, `updated_at`) VALUES (45, 16, 73, 'Suscipit provident ut rem velit qui alias. Doloribus laudantium ipsam similique sit non quod velit. Velit sapiente rerum quaerat. Ut voluptas sed enim error facere aut. Voluptas voluptatum pariatur nihil qui rerum et.', 'Eos qui maiores est et dolores autem ipsum exercitationem. Repellat corporis aspernatur sunt sed. Praesentium quis expedita reprehenderit ab aliquam ex quidem.', 0, 0, '1983-05-10 05:14:54', '1971-09-28 10:32:10');
INSERT INTO `messages` (`id`, `from_user_id`, `to_user_id`, `message_header`, `message_body`, `is_delivered`, `was_edited`, `created_at`, `updated_at`) VALUES (46, 100, 8, 'Suscipit labore laboriosam minus et. Sit quis eos ipsum quos eum mollitia. At et et autem recusandae inventore velit.', 'Quae qui aut sed dolorem temporibus cumque iste. Molestiae nobis nobis eum nam. Vel nihil est quo et qui ipsam aut sit.', 1, 0, '1974-09-27 10:26:00', '2016-06-11 19:09:02');
INSERT INTO `messages` (`id`, `from_user_id`, `to_user_id`, `message_header`, `message_body`, `is_delivered`, `was_edited`, `created_at`, `updated_at`) VALUES (47, 73, 69, 'Dignissimos amet saepe rerum id sit illo. Et omnis quo laudantium perspiciatis velit minima. Sit et incidunt omnis.', 'Odio quo corrupti fuga quia. Voluptas veniam vitae quidem nam odio. Eligendi inventore sit aut eum est minus. Ut nostrum vel cumque est neque suscipit illo.', 1, 0, '2012-08-17 19:59:32', '1988-10-02 15:59:26');
INSERT INTO `messages` (`id`, `from_user_id`, `to_user_id`, `message_header`, `message_body`, `is_delivered`, `was_edited`, `created_at`, `updated_at`) VALUES (48, 27, 89, 'Repudiandae perspiciatis rerum nihil vel dignissimos itaque. Et soluta ratione modi eum. Laboriosam sint atque et ea. Deserunt vero nobis consequatur ex ut voluptatem provident in.', 'Dolorem soluta quos nulla architecto atque et dolorum. Rerum et tempora et quisquam. Beatae repellendus velit accusamus quis sint quo libero. Qui cum impedit quia tempore molestiae enim. Voluptatibus tenetur non fugiat est commodi quos.', 1, 0, '1995-04-28 12:31:23', '1985-09-04 07:21:29');
INSERT INTO `messages` (`id`, `from_user_id`, `to_user_id`, `message_header`, `message_body`, `is_delivered`, `was_edited`, `created_at`, `updated_at`) VALUES (49, 64, 96, 'Incidunt cum modi voluptate repellat delectus optio. Ut et est voluptas laborum saepe rerum excepturi expedita. Aperiam et natus accusantium unde nulla. Sint recusandae laborum amet a exercitationem tempora quod.', 'Est eos dolores libero est. Deleniti totam delectus magni voluptates harum debitis omnis. Rem atque ut modi et vel. Unde labore et neque.', 1, 0, '1997-07-11 00:10:54', '1974-01-27 12:51:42');
INSERT INTO `messages` (`id`, `from_user_id`, `to_user_id`, `message_header`, `message_body`, `is_delivered`, `was_edited`, `created_at`, `updated_at`) VALUES (50, 66, 84, 'Exercitationem aut at sit odit facere. Sunt omnis enim ab nobis. Rem rem recusandae ea fugiat.', 'Sed et eos rerum nihil rem enim. Qui maiores a ipsum nemo est. Dolore cum temporibus dicta voluptatum tempore. Eum quaerat culpa et dignissimos.', 0, 0, '1975-08-11 07:10:14', '1987-05-08 15:27:41');
INSERT INTO `messages` (`id`, `from_user_id`, `to_user_id`, `message_header`, `message_body`, `is_delivered`, `was_edited`, `created_at`, `updated_at`) VALUES (51, 47, 99, 'Molestiae sequi ut dolor fuga quibusdam eveniet. Vel aut sunt et dolore quos suscipit dolor. At error ea voluptatem consequatur numquam.', 'Quo ut iure quia voluptatem quis. Et facilis explicabo doloribus. Tempore minima ut voluptatem itaque. Fugiat temporibus rerum quo tempore sed a delectus. Accusamus nihil dignissimos hic maxime quis et.', 1, 0, '1988-07-23 05:11:08', '2000-05-18 07:12:10');
INSERT INTO `messages` (`id`, `from_user_id`, `to_user_id`, `message_header`, `message_body`, `is_delivered`, `was_edited`, `created_at`, `updated_at`) VALUES (52, 54, 87, 'Voluptas et aut reiciendis praesentium adipisci voluptatum. Sit dolorem sed aperiam et iste. Voluptate ut aliquid aut et sint. Dolorum amet voluptatem et quia corrupti.', 'Quia qui nihil vel qui quaerat in. Vero quod perspiciatis rerum recusandae fuga nihil praesentium. Qui voluptatum aliquid repellat ut eum tempore eos.', 0, 0, '1998-06-04 20:52:00', '1973-10-19 18:24:04');
INSERT INTO `messages` (`id`, `from_user_id`, `to_user_id`, `message_header`, `message_body`, `is_delivered`, `was_edited`, `created_at`, `updated_at`) VALUES (53, 90, 27, 'Sint enim eum cupiditate deserunt laboriosam. Impedit est quis repellendus excepturi beatae. Impedit at qui ab. Quas facilis praesentium et maxime odit nostrum.', 'Molestias omnis hic eveniet. Excepturi ea autem et suscipit est.', 0, 0, '1977-10-01 03:45:54', '2020-05-25 07:01:30');
INSERT INTO `messages` (`id`, `from_user_id`, `to_user_id`, `message_header`, `message_body`, `is_delivered`, `was_edited`, `created_at`, `updated_at`) VALUES (54, 76, 94, 'Eaque error nemo nemo repellat dicta. Perspiciatis repellendus eum eos enim. Ut et corporis quidem quam ipsum rerum. Pariatur non et rem cupiditate.', 'Veritatis tempora dolore iusto dolorem culpa ea. Eaque aut et est quisquam repudiandae. Non et eius et aliquid. Sequi necessitatibus fugit animi labore consectetur.', 1, 0, '2006-03-03 03:28:51', '2014-06-01 10:19:54');
INSERT INTO `messages` (`id`, `from_user_id`, `to_user_id`, `message_header`, `message_body`, `is_delivered`, `was_edited`, `created_at`, `updated_at`) VALUES (55, 33, 89, 'Velit officia repellat dolore reprehenderit rerum quae. Ea dolore quia doloribus enim. Consequatur qui voluptatem assumenda excepturi dignissimos.', 'Voluptas eveniet labore harum laudantium. Id architecto quo non sequi quia perspiciatis. Cum impedit quis quia beatae. Fugiat laboriosam laborum consequatur pariatur. Molestiae dolor doloribus eos aut.', 0, 0, '1994-09-14 12:03:40', '2014-08-21 09:36:47');
INSERT INTO `messages` (`id`, `from_user_id`, `to_user_id`, `message_header`, `message_body`, `is_delivered`, `was_edited`, `created_at`, `updated_at`) VALUES (56, 22, 52, 'Autem ipsam sed tempora et tenetur. Praesentium quibusdam quia reiciendis est eius alias minus omnis. Debitis harum rerum id enim saepe est. Quo porro quas voluptas ea sed natus.', 'Et similique debitis possimus natus. Et consequatur culpa et sapiente ut. Quis illum adipisci voluptatum voluptates magni.', 1, 0, '2021-02-26 14:54:54', '2010-02-16 01:06:25');
INSERT INTO `messages` (`id`, `from_user_id`, `to_user_id`, `message_header`, `message_body`, `is_delivered`, `was_edited`, `created_at`, `updated_at`) VALUES (57, 12, 44, 'Enim voluptas nihil ipsum quas corporis blanditiis ratione numquam. Voluptatem enim necessitatibus id aliquam cum vel. Explicabo reprehenderit tempora dolor explicabo aspernatur qui dolores. Repellat et nulla voluptatem temporibus reiciendis. Sed ipsa sed', 'Dolorum rerum ut incidunt quia inventore. Similique saepe suscipit voluptas consequatur tenetur sint. Rerum possimus voluptatem deleniti sapiente magni itaque. In deserunt architecto enim. Praesentium corrupti ea et fuga quo veritatis.', 1, 0, '1977-10-20 04:01:16', '1971-08-04 20:33:24');
INSERT INTO `messages` (`id`, `from_user_id`, `to_user_id`, `message_header`, `message_body`, `is_delivered`, `was_edited`, `created_at`, `updated_at`) VALUES (58, 94, 42, 'Sit dolorem dicta distinctio dignissimos totam. Nemo qui nesciunt omnis magnam. Aut hic rerum non labore et itaque voluptas. Minus praesentium rerum voluptatum consectetur et.', 'Quisquam ut alias nulla doloribus nobis sunt molestiae. Dolores quidem velit eaque et qui. Tenetur repellendus voluptatem soluta magnam. Dolorem reprehenderit quod ipsam porro et mollitia recusandae.', 0, 0, '1979-09-15 04:36:31', '2006-11-08 21:12:02');
INSERT INTO `messages` (`id`, `from_user_id`, `to_user_id`, `message_header`, `message_body`, `is_delivered`, `was_edited`, `created_at`, `updated_at`) VALUES (59, 22, 74, 'Doloremque sunt necessitatibus quo voluptas inventore. Et id nobis quis blanditiis quis dignissimos. Doloremque quasi porro illo impedit ad impedit vel.', 'Ratione expedita quod voluptatum unde vel. Suscipit necessitatibus explicabo voluptatum repellendus at est sit. Omnis vel ut velit. Magnam possimus dolore eius dignissimos sed.', 0, 0, '1978-01-27 16:17:33', '1991-05-05 23:36:58');
INSERT INTO `messages` (`id`, `from_user_id`, `to_user_id`, `message_header`, `message_body`, `is_delivered`, `was_edited`, `created_at`, `updated_at`) VALUES (60, 22, 37, 'Velit natus nisi necessitatibus quos nobis. Repellendus et quasi nobis vero dolorem. Nostrum voluptas aut maiores sit officiis fugit minima porro.', 'Libero ut est modi dolor est rerum sunt. Eius nam aut voluptates cum id et. Vel repellendus eius dignissimos laudantium laborum voluptas. Perspiciatis nostrum et inventore blanditiis doloribus molestiae et sit.', 1, 0, '1998-03-14 01:58:19', '1980-11-15 01:13:16');
INSERT INTO `messages` (`id`, `from_user_id`, `to_user_id`, `message_header`, `message_body`, `is_delivered`, `was_edited`, `created_at`, `updated_at`) VALUES (61, 47, 21, 'Quibusdam sapiente vero deserunt quia iusto sed. Labore quo laborum et itaque iste optio.', 'Culpa quae sequi sint nesciunt nostrum. Corrupti ipsam consequatur eos et omnis animi quia omnis. Laboriosam est dolorem fuga aut neque maiores praesentium et. Sapiente nisi voluptates dignissimos iure omnis fugiat.', 1, 0, '1971-06-10 21:51:32', '2008-08-09 07:44:59');
INSERT INTO `messages` (`id`, `from_user_id`, `to_user_id`, `message_header`, `message_body`, `is_delivered`, `was_edited`, `created_at`, `updated_at`) VALUES (62, 44, 20, 'Omnis vel sint culpa optio sint esse impedit. Possimus ea dolores asperiores expedita ad repellat.', 'Eveniet in ea facilis soluta incidunt eum et. Dolorum voluptas accusamus assumenda ratione consequatur. Tempore non consectetur voluptatem asperiores.', 0, 0, '1985-07-18 14:36:09', '1984-07-18 13:28:43');
INSERT INTO `messages` (`id`, `from_user_id`, `to_user_id`, `message_header`, `message_body`, `is_delivered`, `was_edited`, `created_at`, `updated_at`) VALUES (63, 90, 71, 'Possimus non ea nisi sed sunt quibusdam. Aperiam quibusdam est sequi qui sit. Impedit et quia voluptatem dignissimos.', 'Nihil molestias optio recusandae fugit beatae dolores et. Harum autem harum nihil architecto dolor nostrum. Ad consequatur rerum vel. Cum non natus dolores sunt.', 1, 0, '2002-11-20 08:52:10', '1971-05-05 13:16:00');
INSERT INTO `messages` (`id`, `from_user_id`, `to_user_id`, `message_header`, `message_body`, `is_delivered`, `was_edited`, `created_at`, `updated_at`) VALUES (64, 8, 53, 'Voluptatem reprehenderit ut autem eius possimus fuga cum. Omnis consequuntur sint aliquam vel blanditiis. In itaque ut dolor qui nostrum culpa sapiente.', 'Aliquid non et eaque ut soluta architecto. Temporibus quam perspiciatis quas ut eveniet. Eum dolor tenetur placeat.', 1, 0, '2011-01-04 09:15:47', '1980-08-06 19:41:46');
INSERT INTO `messages` (`id`, `from_user_id`, `to_user_id`, `message_header`, `message_body`, `is_delivered`, `was_edited`, `created_at`, `updated_at`) VALUES (65, 66, 73, 'Maxime enim inventore laboriosam tempore atque facilis explicabo repellendus. Qui sed sequi dolorum doloremque quis. Deleniti fugiat et reprehenderit illum odio.', 'Ut sapiente sunt et rerum quibusdam. Nam earum alias eum voluptatem vero vel.', 1, 0, '2010-09-20 14:29:06', '1992-03-12 03:03:31');
INSERT INTO `messages` (`id`, `from_user_id`, `to_user_id`, `message_header`, `message_body`, `is_delivered`, `was_edited`, `created_at`, `updated_at`) VALUES (66, 36, 12, 'Dolore ea excepturi eum facere. Ut tenetur ut eaque necessitatibus laborum quae. A vero non consequatur necessitatibus voluptatibus placeat possimus. Porro cum aliquam aut ex.', 'Eos quo reiciendis asperiores labore eum nostrum. Illum consequatur laudantium iusto ducimus ea mollitia corporis. Quia quidem ut sed eligendi. Itaque amet reprehenderit molestiae quaerat distinctio sed dolor.', 0, 0, '2001-06-26 12:51:17', '2015-12-23 13:43:04');
INSERT INTO `messages` (`id`, `from_user_id`, `to_user_id`, `message_header`, `message_body`, `is_delivered`, `was_edited`, `created_at`, `updated_at`) VALUES (67, 71, 90, 'Suscipit iure ipsam consequatur qui et eos ut. Unde nam debitis aut velit.', 'Nulla fugit ad sunt maxime tempora. Corrupti et veritatis dolorem consequatur repudiandae tempora quia maiores. Recusandae qui facere harum cum consequuntur quo sit.', 1, 0, '2019-09-18 00:24:42', '1979-08-26 01:16:36');
INSERT INTO `messages` (`id`, `from_user_id`, `to_user_id`, `message_header`, `message_body`, `is_delivered`, `was_edited`, `created_at`, `updated_at`) VALUES (68, 99, 61, 'Molestiae quia voluptas illum delectus. Consectetur facere et maiores vel laudantium. Occaecati porro quis vitae et odit sed ea. Eos pariatur voluptatem consequatur quia cumque et quo.', 'Sed quibusdam debitis iure veniam. Enim sit molestias quaerat suscipit fuga veniam perferendis. Minus ad sint velit. Sit nobis eaque dignissimos animi quas iste nobis.', 1, 0, '1983-11-04 17:16:28', '2012-01-02 13:35:03');
INSERT INTO `messages` (`id`, `from_user_id`, `to_user_id`, `message_header`, `message_body`, `is_delivered`, `was_edited`, `created_at`, `updated_at`) VALUES (69, 16, 75, 'Dolor quia animi iure repellat alias maiores. Incidunt excepturi eaque officia eius maiores cum. Architecto dolor ipsa labore quia. Eum in ex at et fuga sed quas.', 'Error aliquid quisquam autem officia. Dolorum dolorum nostrum sapiente necessitatibus quos dolorem. Voluptas modi non ut corrupti aut. Voluptatibus minus delectus dolorem animi dolore dolorum facilis mollitia.', 0, 0, '1998-02-22 15:54:52', '1995-01-27 21:43:12');
INSERT INTO `messages` (`id`, `from_user_id`, `to_user_id`, `message_header`, `message_body`, `is_delivered`, `was_edited`, `created_at`, `updated_at`) VALUES (70, 55, 49, 'Non maxime rerum enim voluptates ratione temporibus. Beatae hic consequuntur eligendi. Labore et et sint doloribus repudiandae. Sit modi quibusdam qui voluptates.', 'Delectus est doloremque id enim nobis doloremque modi in. Nam corporis nesciunt repellat veritatis.', 1, 0, '2005-08-22 18:56:48', '1998-03-31 21:59:19');
INSERT INTO `messages` (`id`, `from_user_id`, `to_user_id`, `message_header`, `message_body`, `is_delivered`, `was_edited`, `created_at`, `updated_at`) VALUES (71, 63, 76, 'Enim est expedita fugit dignissimos blanditiis. Eum reiciendis odio autem. Dicta ea quam et earum ea natus.', 'Vitae voluptatem nostrum necessitatibus vero quia autem consequatur. Eos et dolor itaque voluptatibus at voluptatem rerum. Quisquam est veniam adipisci. Voluptas adipisci omnis quod odit velit ipsam non.', 0, 0, '2003-10-15 10:15:57', '2009-07-20 05:15:41');
INSERT INTO `messages` (`id`, `from_user_id`, `to_user_id`, `message_header`, `message_body`, `is_delivered`, `was_edited`, `created_at`, `updated_at`) VALUES (72, 1, 75, 'Neque dignissimos aliquid deserunt ex numquam repellendus sed ipsa. Autem aut cum quia totam possimus enim eveniet iusto. Exercitationem dolore enim aut maxime. Tempore sed commodi temporibus facilis aut enim quo.', 'Laudantium quis blanditiis nihil laborum sunt quae. Ut tempora placeat minima. Sequi modi consequatur voluptate modi.', 0, 0, '1985-01-21 08:44:28', '1984-11-24 00:28:57');
INSERT INTO `messages` (`id`, `from_user_id`, `to_user_id`, `message_header`, `message_body`, `is_delivered`, `was_edited`, `created_at`, `updated_at`) VALUES (73, 20, 95, 'Totam veritatis architecto ea pariatur ullam aliquam. Est itaque consequatur impedit totam. Beatae nam officiis et sapiente ea recusandae.', 'Est dignissimos mollitia repellat sed nemo quia. Error deserunt minima eos sed. Et esse animi vitae sint maxime ullam.', 1, 0, '1985-06-24 16:00:34', '1989-12-06 21:28:57');
INSERT INTO `messages` (`id`, `from_user_id`, `to_user_id`, `message_header`, `message_body`, `is_delivered`, `was_edited`, `created_at`, `updated_at`) VALUES (74, 16, 41, 'Minima dicta voluptatibus sit quam. Facere suscipit libero dicta sunt. Autem sed excepturi molestiae quia qui.', 'Ex quo nulla est rerum dolores fugit. Necessitatibus odio sint illo consequatur. Sed suscipit praesentium non officiis. Minus ut modi fuga aut aut et.', 1, 0, '1977-05-22 22:18:58', '1989-06-06 06:15:36');
INSERT INTO `messages` (`id`, `from_user_id`, `to_user_id`, `message_header`, `message_body`, `is_delivered`, `was_edited`, `created_at`, `updated_at`) VALUES (75, 68, 37, 'Voluptatem delectus eius accusamus. Dolores voluptatem cupiditate ipsum non at est at ad. Sed dolores numquam molestias totam. Cupiditate harum voluptas blanditiis nulla culpa facere.', 'Repudiandae praesentium quidem ipsa similique. Inventore eum consequatur dolores dolores ut est. Asperiores placeat architecto voluptatem odio. Nam pariatur id dolorem earum aut provident.', 0, 0, '2020-07-15 21:15:01', '1979-05-02 16:17:54');
INSERT INTO `messages` (`id`, `from_user_id`, `to_user_id`, `message_header`, `message_body`, `is_delivered`, `was_edited`, `created_at`, `updated_at`) VALUES (76, 78, 15, 'Aut ab accusantium aut at error. Doloremque et voluptatem exercitationem dolor fuga perspiciatis nobis nemo. Omnis modi explicabo consequatur repellendus. Mollitia nemo explicabo ab.', 'Architecto quas eveniet earum rerum et reprehenderit. Itaque labore corrupti neque. Officia voluptatem possimus a nam totam.', 0, 0, '2017-08-30 08:59:32', '1987-07-04 16:50:16');
INSERT INTO `messages` (`id`, `from_user_id`, `to_user_id`, `message_header`, `message_body`, `is_delivered`, `was_edited`, `created_at`, `updated_at`) VALUES (77, 58, 22, 'Quia in deserunt et voluptas et autem. Possimus voluptatem est sed iusto repudiandae animi fugiat. Voluptatem rerum nam dolores ex est et omnis laborum.', 'Quaerat aut aut eligendi omnis nostrum. Eveniet officia rerum officia et. Consequatur commodi tenetur enim animi incidunt temporibus.', 0, 0, '1984-09-04 14:09:20', '1984-12-12 04:18:59');
INSERT INTO `messages` (`id`, `from_user_id`, `to_user_id`, `message_header`, `message_body`, `is_delivered`, `was_edited`, `created_at`, `updated_at`) VALUES (78, 34, 48, 'Sed facilis aspernatur doloremque velit omnis dolorem. Quia qui ab laudantium illum. Quia sed facere facere vel voluptas. Qui minus aut eaque quaerat. Eos consequatur totam optio perspiciatis culpa.', 'Consectetur reiciendis consequatur omnis laudantium ex temporibus. Repellat rem veniam qui. In aut velit esse commodi sit voluptatibus odio. Maxime harum ut fugit cupiditate numquam.', 1, 0, '1995-06-25 22:41:22', '2012-07-15 14:09:10');
INSERT INTO `messages` (`id`, `from_user_id`, `to_user_id`, `message_header`, `message_body`, `is_delivered`, `was_edited`, `created_at`, `updated_at`) VALUES (79, 92, 41, 'Facere dolorem occaecati eum debitis. Quo ex laboriosam vero molestiae. Saepe beatae mollitia quia ipsum quaerat iure. Eum ratione et qui voluptatem aliquam repellat error. Laudantium sint sint vitae necessitatibus et quia est.', 'Minus velit eum autem. Officia et et nobis laborum consequatur corporis. Minus dolorum numquam iure sit. Reiciendis quasi dolor hic veniam.', 0, 0, '2005-03-13 15:00:48', '1991-07-15 00:01:28');
INSERT INTO `messages` (`id`, `from_user_id`, `to_user_id`, `message_header`, `message_body`, `is_delivered`, `was_edited`, `created_at`, `updated_at`) VALUES (80, 100, 58, 'Autem sit natus consequuntur ut voluptatem commodi. Amet error doloribus dolor ut omnis exercitationem molestias. Reprehenderit qui nostrum exercitationem dolor est.', 'Voluptatem occaecati quis minus saepe possimus dolor qui. Autem laborum exercitationem natus alias. Qui molestiae recusandae rerum sed esse. Enim voluptatem architecto earum. Provident quibusdam in rerum culpa suscipit fugit id.', 0, 0, '1994-07-12 14:04:45', '1981-08-08 23:20:04');
INSERT INTO `messages` (`id`, `from_user_id`, `to_user_id`, `message_header`, `message_body`, `is_delivered`, `was_edited`, `created_at`, `updated_at`) VALUES (81, 13, 36, 'Magnam eos alias dolore qui autem minus. Illo ut accusamus molestiae vitae quia velit asperiores. Consequatur aut omnis provident.', 'Id tempora ea eum pariatur. Dolor dolor dicta non et ea occaecati. Voluptatem laboriosam ab sunt iusto id sapiente. Rerum eos dolores nostrum rerum vel placeat.', 1, 0, '1985-12-30 02:18:53', '1992-09-29 04:36:24');
INSERT INTO `messages` (`id`, `from_user_id`, `to_user_id`, `message_header`, `message_body`, `is_delivered`, `was_edited`, `created_at`, `updated_at`) VALUES (82, 70, 84, 'Qui voluptates vel et sit. Rerum voluptatibus ut et corrupti aperiam minus. Et quas sint sit. Reprehenderit eligendi est totam quo est voluptatibus fuga.', 'Molestiae cumque modi aliquid sit. Provident cum quisquam aut quibusdam voluptas deleniti ratione. Laboriosam laboriosam distinctio fugiat ipsum sint quo. Numquam ut ea laboriosam et ratione id perspiciatis.', 0, 0, '1986-01-25 18:31:01', '2002-07-27 13:41:08');
INSERT INTO `messages` (`id`, `from_user_id`, `to_user_id`, `message_header`, `message_body`, `is_delivered`, `was_edited`, `created_at`, `updated_at`) VALUES (83, 25, 68, 'Nam debitis et est ipsum ut numquam nemo. Quod qui nesciunt distinctio. Expedita et animi sint nihil consectetur ipsum sit maiores.', 'Rerum culpa autem est distinctio. Sequi necessitatibus minima sit facere ea odit asperiores vero. Repellat in ullam mollitia aut ex.', 1, 0, '1990-01-04 21:48:02', '2003-05-08 12:34:45');
INSERT INTO `messages` (`id`, `from_user_id`, `to_user_id`, `message_header`, `message_body`, `is_delivered`, `was_edited`, `created_at`, `updated_at`) VALUES (84, 44, 41, 'Sapiente occaecati qui minima aspernatur. Non quasi est exercitationem aut et. Maxime qui quia quam dolorem eos eaque et omnis. Quis id sit incidunt aut deleniti eos.', 'Iure temporibus laborum ex et. Molestiae nihil quo tenetur quam omnis animi. Sed dolor voluptatem laboriosam nostrum fugiat est rerum.', 1, 0, '1982-01-01 10:39:32', '2019-08-17 15:40:51');
INSERT INTO `messages` (`id`, `from_user_id`, `to_user_id`, `message_header`, `message_body`, `is_delivered`, `was_edited`, `created_at`, `updated_at`) VALUES (85, 42, 98, 'Itaque nihil voluptatem nihil et animi. Et quam dolorem est. Voluptatem quos molestiae laborum fuga. Libero doloremque magnam et qui dolore iste exercitationem.', 'Dolorem labore hic culpa incidunt et explicabo rerum. Quibusdam aut dolorum consequatur occaecati aut. Ut expedita ducimus omnis tempore quam.', 0, 0, '1973-03-03 10:32:33', '2014-07-09 23:39:28');
INSERT INTO `messages` (`id`, `from_user_id`, `to_user_id`, `message_header`, `message_body`, `is_delivered`, `was_edited`, `created_at`, `updated_at`) VALUES (86, 90, 5, 'At eius quo asperiores voluptas. Nemo omnis maxime quos id voluptatem nihil ullam repellat. Aut quas enim aut quidem.', 'Officia est dolore amet accusamus deleniti. Ea earum iste in veniam iste.', 0, 0, '2015-03-28 04:38:50', '2005-11-14 23:44:31');
INSERT INTO `messages` (`id`, `from_user_id`, `to_user_id`, `message_header`, `message_body`, `is_delivered`, `was_edited`, `created_at`, `updated_at`) VALUES (87, 74, 90, 'Aut et sit doloribus sint sit laboriosam voluptas. Sint vitae similique vitae fuga in. Impedit expedita qui incidunt sed eaque veritatis.', 'Qui nostrum omnis autem reiciendis assumenda occaecati fugit earum. Et quibusdam ullam aperiam aliquid aut magni in. Eligendi voluptas nulla ut quasi voluptatibus ut. Molestiae inventore qui ut quaerat consequuntur incidunt.', 0, 0, '2010-08-31 08:57:56', '2007-12-18 05:18:25');
INSERT INTO `messages` (`id`, `from_user_id`, `to_user_id`, `message_header`, `message_body`, `is_delivered`, `was_edited`, `created_at`, `updated_at`) VALUES (88, 79, 94, 'Hic qui consequuntur molestiae maxime repellat ex. Vitae fugiat et amet asperiores. Praesentium quo eos est et voluptas.', 'Natus provident molestias fuga facilis harum quibusdam minus veritatis. Quaerat dolor soluta unde voluptatibus.', 1, 0, '1972-01-15 01:50:08', '1988-07-02 08:40:43');
INSERT INTO `messages` (`id`, `from_user_id`, `to_user_id`, `message_header`, `message_body`, `is_delivered`, `was_edited`, `created_at`, `updated_at`) VALUES (89, 84, 94, 'Ut alias commodi nihil quasi fuga iusto. Qui dolores tempora voluptas ex distinctio. Provident dolor sunt illum libero. Voluptatem totam et ut. Dolorem dicta minima consequuntur quisquam.', 'Aut voluptas vel magnam enim. Et in praesentium natus aliquid id. Voluptatem placeat provident nulla distinctio facere aliquam aut. Nihil exercitationem facilis nam.', 1, 0, '2020-10-28 21:20:13', '1972-08-07 10:56:45');
INSERT INTO `messages` (`id`, `from_user_id`, `to_user_id`, `message_header`, `message_body`, `is_delivered`, `was_edited`, `created_at`, `updated_at`) VALUES (90, 34, 52, 'Expedita dolore explicabo vitae maxime. Quis iure repellat maxime nulla.', 'Quia sit illum ipsa quos quos id consequatur facilis. Sed unde in facere consequatur eum. Est neque tempora sapiente consequatur aut. Dolorem in fugiat et alias illum.', 0, 0, '1979-12-05 19:40:22', '2013-10-18 11:22:11');
INSERT INTO `messages` (`id`, `from_user_id`, `to_user_id`, `message_header`, `message_body`, `is_delivered`, `was_edited`, `created_at`, `updated_at`) VALUES (91, 31, 12, 'Nobis iusto in ab a. Necessitatibus autem dolorem quibusdam et. Sit consectetur cum ullam.', 'Nesciunt veritatis dolore inventore vel. Debitis cupiditate nulla ut eum. Aut voluptatem consequatur sequi unde est pariatur. Aut iusto id accusamus doloremque similique molestias.', 1, 0, '1994-02-24 05:59:04', '2021-05-05 08:46:28');
INSERT INTO `messages` (`id`, `from_user_id`, `to_user_id`, `message_header`, `message_body`, `is_delivered`, `was_edited`, `created_at`, `updated_at`) VALUES (92, 66, 89, 'Laborum dolore corporis ducimus omnis atque repellat velit. Sequi aut voluptatem voluptas. Illum et nesciunt magnam quasi sequi. Quisquam impedit laudantium voluptatum incidunt optio molestias earum.', 'Possimus aut eos ea quasi eum non ut sit. Architecto enim et rerum non laborum voluptas.', 1, 0, '2020-10-23 13:04:05', '1991-05-15 03:41:33');
INSERT INTO `messages` (`id`, `from_user_id`, `to_user_id`, `message_header`, `message_body`, `is_delivered`, `was_edited`, `created_at`, `updated_at`) VALUES (93, 33, 99, 'Labore fuga ducimus dolores necessitatibus corporis. Eum est dolor hic ut sed asperiores aut. Sint vel debitis aliquid tenetur eveniet. Voluptatibus reprehenderit officiis totam labore unde eligendi.', 'Repellendus dicta nam debitis. Esse nam incidunt dolores unde sed non cupiditate. Sapiente fugiat et quis porro doloremque quos. Ut corrupti velit fugiat reprehenderit ea dolor aliquam.', 1, 0, '1975-12-08 12:33:13', '1984-03-17 10:38:04');
INSERT INTO `messages` (`id`, `from_user_id`, `to_user_id`, `message_header`, `message_body`, `is_delivered`, `was_edited`, `created_at`, `updated_at`) VALUES (94, 36, 25, 'Reprehenderit iste totam fugiat rerum. Qui qui facere vitae recusandae. Cum voluptatibus sed iure at quia. Ex voluptas et eius et atque. Fugiat blanditiis ad ut voluptate.', 'Est est ratione iure velit ab dolore ea assumenda. Illo aliquam et omnis temporibus sequi consectetur autem. Autem provident vel rerum veniam autem. Nisi voluptas et eius corrupti dolores qui.', 1, 0, '1971-05-12 11:18:38', '1971-03-13 22:37:46');
INSERT INTO `messages` (`id`, `from_user_id`, `to_user_id`, `message_header`, `message_body`, `is_delivered`, `was_edited`, `created_at`, `updated_at`) VALUES (95, 40, 36, 'Dolore ut non delectus odio nobis. Sequi omnis aut architecto ab.', 'Iusto qui eos in alias aut dignissimos. Iure qui omnis nam voluptas. Facilis aut voluptate illo officia. Et facere nesciunt qui autem.', 0, 0, '2000-10-14 15:14:29', '2020-06-12 15:48:28');
INSERT INTO `messages` (`id`, `from_user_id`, `to_user_id`, `message_header`, `message_body`, `is_delivered`, `was_edited`, `created_at`, `updated_at`) VALUES (96, 82, 52, 'Doloribus omnis suscipit quo officia asperiores accusamus blanditiis. Dolores dolor culpa numquam qui. Hic veniam porro facilis non doloribus sequi molestias. Quidem deserunt velit accusamus error.', 'Tempora iure eligendi doloremque rerum. Quod qui placeat eum. Quasi qui qui nobis minus.', 1, 0, '1984-02-24 09:43:59', '2013-11-13 15:06:41');
INSERT INTO `messages` (`id`, `from_user_id`, `to_user_id`, `message_header`, `message_body`, `is_delivered`, `was_edited`, `created_at`, `updated_at`) VALUES (97, 71, 51, 'Rerum eius qui doloribus fugit. Maxime animi voluptas est quos. Numquam quo architecto sunt voluptas quia.', 'Necessitatibus sed quo esse ab autem. Tenetur molestiae dolores placeat vel velit voluptatem magni et. Suscipit reprehenderit autem quia asperiores aut. Reprehenderit in voluptatem ut non.', 0, 0, '2001-08-03 00:19:36', '2004-09-21 16:05:05');
INSERT INTO `messages` (`id`, `from_user_id`, `to_user_id`, `message_header`, `message_body`, `is_delivered`, `was_edited`, `created_at`, `updated_at`) VALUES (98, 36, 96, 'Mollitia tempore quia nihil quasi omnis. Dignissimos quo error soluta facilis rem laborum quibusdam. Ex rerum quisquam veritatis. Et ratione cum quia facere.', 'Ipsam nobis aut saepe blanditiis dolorum blanditiis molestiae. Esse ut quis enim aliquid quam neque debitis blanditiis.', 0, 0, '1980-05-26 02:51:32', '2000-03-10 15:00:17');
INSERT INTO `messages` (`id`, `from_user_id`, `to_user_id`, `message_header`, `message_body`, `is_delivered`, `was_edited`, `created_at`, `updated_at`) VALUES (99, 18, 80, 'Ut reprehenderit at dolorem dolor. Beatae tenetur neque et.', 'Eum occaecati harum rerum reprehenderit sed et est repudiandae. Consequuntur ratione earum voluptatem minima ratione. Earum ut similique consectetur illo.', 1, 0, '1980-09-24 00:03:07', '2010-07-14 22:01:11');
INSERT INTO `messages` (`id`, `from_user_id`, `to_user_id`, `message_header`, `message_body`, `is_delivered`, `was_edited`, `created_at`, `updated_at`) VALUES (100, 37, 60, 'Quia repellat tempore eius corrupti. Ex sunt voluptates modi quis et voluptatum eum tenetur.', 'Ipsa aut nam ut enim sint. Voluptas maiores asperiores architecto enim atque ducimus magnam tempore.', 0, 0, '2017-11-17 21:43:08', '1975-11-28 14:48:43');

-- -- Заполнение таблицы Friendship--
INSERT INTO `friendship` (`user_id`, `friend_id`, `friendship_status`, `requested_at`, `confirmed_at`, `created_at`, `updated_at`) VALUES (1, 2, 'FRIENDSHIP', '2013-05-12 16:34:22', '1979-07-07 08:53:42', '1984-04-26 20:54:03', '2000-01-12 12:04:50');
INSERT INTO `friendship` (`user_id`, `friend_id`, `friendship_status`, `requested_at`, `confirmed_at`, `created_at`, `updated_at`) VALUES (2, 54, 'FOLLOWING', '2011-01-01 07:23:39', '1975-03-22 21:05:42', '1986-06-03 21:17:49', '1994-09-27 10:45:46');
INSERT INTO `friendship` (`user_id`, `friend_id`, `friendship_status`, `requested_at`, `confirmed_at`, `created_at`, `updated_at`) VALUES (3, 65, 'BLOCKED', '1981-04-15 03:08:37', '1990-03-29 07:17:05', '2020-05-03 01:51:36', '1976-05-30 20:06:05');
INSERT INTO `friendship` (`user_id`, `friend_id`, `friendship_status`, `requested_at`, `confirmed_at`, `created_at`, `updated_at`) VALUES (4, 85, 'FRIENDSHIP', '1981-04-21 15:15:50', '2000-03-19 07:01:44', '2012-01-30 17:58:05', '1970-09-29 22:42:02');
INSERT INTO `friendship` (`user_id`, `friend_id`, `friendship_status`, `requested_at`, `confirmed_at`, `created_at`, `updated_at`) VALUES (5, 24, 'FRIENDSHIP', '1986-07-28 16:58:37', '2015-08-27 04:45:34', '1974-12-31 21:24:09', '2021-01-02 17:24:58');
INSERT INTO `friendship` (`user_id`, `friend_id`, `friendship_status`, `requested_at`, `confirmed_at`, `created_at`, `updated_at`) VALUES (6, 45, 'BLOCKED', '1977-05-28 23:48:04', '2011-08-10 03:33:47', '1991-10-03 03:28:28', '1995-12-01 18:27:18');
INSERT INTO `friendship` (`user_id`, `friend_id`, `friendship_status`, `requested_at`, `confirmed_at`, `created_at`, `updated_at`) VALUES (7, 37, 'BLOCKED', '1973-06-07 22:06:24', '1989-02-12 17:14:44', '1970-12-01 15:38:07', '1985-10-03 00:11:31');
INSERT INTO `friendship` (`user_id`, `friend_id`, `friendship_status`, `requested_at`, `confirmed_at`, `created_at`, `updated_at`) VALUES (8, 2, 'FOLLOWING', '1975-11-04 18:23:55', '1982-09-22 06:45:03', '2021-06-08 03:40:49', '2001-05-16 03:52:07');
INSERT INTO `friendship` (`user_id`, `friend_id`, `friendship_status`, `requested_at`, `confirmed_at`, `created_at`, `updated_at`) VALUES (9, 57, 'BLOCKED', '2018-05-28 20:19:34', '2020-02-03 13:44:47', '1998-12-02 19:29:32', '2012-01-06 20:07:04');
INSERT INTO `friendship` (`user_id`, `friend_id`, `friendship_status`, `requested_at`, `confirmed_at`, `created_at`, `updated_at`) VALUES (10, 69, 'FOLLOWING', '1998-01-15 18:24:44', '1990-05-07 18:23:55', '1989-01-26 08:43:50', '1976-04-11 00:05:39');
INSERT INTO `friendship` (`user_id`, `friend_id`, `friendship_status`, `requested_at`, `confirmed_at`, `created_at`, `updated_at`) VALUES (11, 41, 'FRIENDSHIP', '1972-05-22 10:01:34', '1986-04-15 22:11:34', '1982-04-08 06:33:53', '2004-04-12 12:59:26');
INSERT INTO `friendship` (`user_id`, `friend_id`, `friendship_status`, `requested_at`, `confirmed_at`, `created_at`, `updated_at`) VALUES (12, 23, 'FRIENDSHIP', '2013-05-08 10:50:55', '1973-11-05 01:23:16', '1989-02-05 16:50:57', '1995-11-04 13:41:30');
INSERT INTO `friendship` (`user_id`, `friend_id`, `friendship_status`, `requested_at`, `confirmed_at`, `created_at`, `updated_at`) VALUES (13, 19, 'FOLLOWING', '2013-05-02 05:30:52', '1996-08-15 16:38:09', '1982-08-13 22:15:26', '1977-12-08 23:27:56');
INSERT INTO `friendship` (`user_id`, `friend_id`, `friendship_status`, `requested_at`, `confirmed_at`, `created_at`, `updated_at`) VALUES (14, 29, 'FOLLOWING', '1993-03-17 07:46:11', '1973-08-05 01:52:25', '1978-08-22 14:07:02', '1987-09-01 13:08:03');
INSERT INTO `friendship` (`user_id`, `friend_id`, `friendship_status`, `requested_at`, `confirmed_at`, `created_at`, `updated_at`) VALUES (15, 89, 'FRIENDSHIP', '2019-01-25 12:57:57', '2000-07-04 13:31:41', '1989-03-10 19:07:12', '1994-10-14 12:44:58');
INSERT INTO `friendship` (`user_id`, `friend_id`, `friendship_status`, `requested_at`, `confirmed_at`, `created_at`, `updated_at`) VALUES (16, 45, 'FRIENDSHIP', '1994-08-19 17:20:56', '1998-10-29 00:37:45', '1987-11-04 15:24:27', '2009-07-01 23:35:33');
INSERT INTO `friendship` (`user_id`, `friend_id`, `friendship_status`, `requested_at`, `confirmed_at`, `created_at`, `updated_at`) VALUES (17, 72, 'BLOCKED', '1973-12-07 03:14:20', '1988-06-01 17:40:18', '2008-02-19 13:26:01', '1978-07-17 22:00:52');
INSERT INTO `friendship` (`user_id`, `friend_id`, `friendship_status`, `requested_at`, `confirmed_at`, `created_at`, `updated_at`) VALUES (18, 37, 'FRIENDSHIP', '2019-06-18 03:22:09', '1984-08-31 00:18:59', '2009-06-21 18:40:40', '1984-10-24 01:46:09');
INSERT INTO `friendship` (`user_id`, `friend_id`, `friendship_status`, `requested_at`, `confirmed_at`, `created_at`, `updated_at`) VALUES (19, 8, 'FRIENDSHIP', '1984-10-05 02:38:06', '1974-08-19 09:36:29', '1986-07-30 14:04:07', '2010-05-09 12:40:59');
INSERT INTO `friendship` (`user_id`, `friend_id`, `friendship_status`, `requested_at`, `confirmed_at`, `created_at`, `updated_at`) VALUES (20, 94, 'FRIENDSHIP', '2005-01-27 20:54:55', '2017-10-23 05:14:01', '1981-09-03 19:33:40', '1995-01-28 14:15:41');
INSERT INTO `friendship` (`user_id`, `friend_id`, `friendship_status`, `requested_at`, `confirmed_at`, `created_at`, `updated_at`) VALUES (21, 56, 'FOLLOWING', '1979-07-21 06:57:26', '2006-11-10 09:27:04', '2008-01-23 12:09:45', '1985-09-12 13:40:10');
INSERT INTO `friendship` (`user_id`, `friend_id`, `friendship_status`, `requested_at`, `confirmed_at`, `created_at`, `updated_at`) VALUES (22, 41, 'BLOCKED', '1985-04-30 21:15:58', '1992-11-18 11:16:36', '2005-07-08 15:36:35', '2013-02-22 08:20:24');
INSERT INTO `friendship` (`user_id`, `friend_id`, `friendship_status`, `requested_at`, `confirmed_at`, `created_at`, `updated_at`) VALUES (23, 73, 'FRIENDSHIP', '1987-11-11 06:14:04', '1990-01-21 23:59:56', '2019-03-09 20:20:45', '1989-09-14 22:08:10');
INSERT INTO `friendship` (`user_id`, `friend_id`, `friendship_status`, `requested_at`, `confirmed_at`, `created_at`, `updated_at`) VALUES (24, 27, 'BLOCKED', '1975-09-20 02:31:38', '2018-05-06 13:51:08', '1971-12-11 12:41:50', '1977-03-02 17:54:21');
INSERT INTO `friendship` (`user_id`, `friend_id`, `friendship_status`, `requested_at`, `confirmed_at`, `created_at`, `updated_at`) VALUES (25, 12, 'BLOCKED', '2008-01-11 13:59:37', '2016-05-17 14:36:13', '2011-11-23 06:48:24', '1999-11-02 04:56:42');
INSERT INTO `friendship` (`user_id`, `friend_id`, `friendship_status`, `requested_at`, `confirmed_at`, `created_at`, `updated_at`) VALUES (26, 74, 'FRIENDSHIP', '1996-06-19 03:39:15', '2001-10-15 08:50:52', '1987-04-22 06:17:08', '1985-05-13 14:46:34');
INSERT INTO `friendship` (`user_id`, `friend_id`, `friendship_status`, `requested_at`, `confirmed_at`, `created_at`, `updated_at`) VALUES (27, 39, 'BLOCKED', '1986-01-13 09:02:07', '2016-04-19 23:03:00', '1982-04-11 22:03:50', '2000-11-17 00:22:53');
INSERT INTO `friendship` (`user_id`, `friend_id`, `friendship_status`, `requested_at`, `confirmed_at`, `created_at`, `updated_at`) VALUES (28, 84, 'FRIENDSHIP', '2009-12-09 15:53:22', '2000-05-01 02:55:09', '2000-06-17 06:47:33', '2002-07-20 02:35:02');
INSERT INTO `friendship` (`user_id`, `friend_id`, `friendship_status`, `requested_at`, `confirmed_at`, `created_at`, `updated_at`) VALUES (29, 44, 'BLOCKED', '2013-06-14 00:49:05', '1978-10-01 21:21:53', '1993-07-10 01:03:32', '2003-12-17 05:17:00');
INSERT INTO `friendship` (`user_id`, `friend_id`, `friendship_status`, `requested_at`, `confirmed_at`, `created_at`, `updated_at`) VALUES (30, 90, 'FOLLOWING', '2002-12-28 23:40:04', '1974-04-30 23:15:39', '2001-03-05 12:41:04', '1989-08-30 01:03:25');
INSERT INTO `friendship` (`user_id`, `friend_id`, `friendship_status`, `requested_at`, `confirmed_at`, `created_at`, `updated_at`) VALUES (31, 57, 'BLOCKED', '1980-03-17 05:03:23', '1997-03-24 02:07:47', '2019-12-09 20:05:18', '2001-01-05 05:04:04');
INSERT INTO `friendship` (`user_id`, `friend_id`, `friendship_status`, `requested_at`, `confirmed_at`, `created_at`, `updated_at`) VALUES (32, 46, 'FRIENDSHIP', '1972-02-17 15:46:07', '1991-11-19 05:03:56', '1997-01-14 23:33:51', '1986-10-10 17:47:31');
INSERT INTO `friendship` (`user_id`, `friend_id`, `friendship_status`, `requested_at`, `confirmed_at`, `created_at`, `updated_at`) VALUES (33, 44, 'FOLLOWING', '1996-01-29 10:18:41', '2014-11-02 08:10:33', '1997-12-06 17:36:28', '1989-09-01 22:49:03');
INSERT INTO `friendship` (`user_id`, `friend_id`, `friendship_status`, `requested_at`, `confirmed_at`, `created_at`, `updated_at`) VALUES (34, 22, 'FOLLOWING', '1972-02-18 14:07:24', '2020-12-07 05:27:48', '1984-07-24 16:06:38', '1974-06-04 14:13:50');
INSERT INTO `friendship` (`user_id`, `friend_id`, `friendship_status`, `requested_at`, `confirmed_at`, `created_at`, `updated_at`) VALUES (35, 31, 'BLOCKED', '1992-07-19 05:21:00', '1997-03-01 07:56:40', '2019-01-03 21:47:44', '2019-12-02 05:58:41');
INSERT INTO `friendship` (`user_id`, `friend_id`, `friendship_status`, `requested_at`, `confirmed_at`, `created_at`, `updated_at`) VALUES (36, 67, 'FOLLOWING', '2010-12-25 20:05:11', '1990-11-19 20:58:13', '2011-08-08 07:42:27', '1991-08-18 13:47:53');
INSERT INTO `friendship` (`user_id`, `friend_id`, `friendship_status`, `requested_at`, `confirmed_at`, `created_at`, `updated_at`) VALUES (37, 66, 'FOLLOWING', '1996-05-21 08:01:40', '2021-06-01 13:37:36', '2002-09-16 13:38:07', '1973-10-27 07:01:23');
INSERT INTO `friendship` (`user_id`, `friend_id`, `friendship_status`, `requested_at`, `confirmed_at`, `created_at`, `updated_at`) VALUES (38, 67, 'FOLLOWING', '1985-09-28 19:37:27', '1982-08-15 10:01:56', '2021-02-04 15:35:00', '2019-12-16 21:59:48');
INSERT INTO `friendship` (`user_id`, `friend_id`, `friendship_status`, `requested_at`, `confirmed_at`, `created_at`, `updated_at`) VALUES (39, 69, 'FRIENDSHIP', '2000-09-25 04:11:26', '1977-05-26 12:52:03', '1990-04-28 20:28:09', '1977-05-18 23:51:02');
INSERT INTO `friendship` (`user_id`, `friend_id`, `friendship_status`, `requested_at`, `confirmed_at`, `created_at`, `updated_at`) VALUES (40, 23, 'BLOCKED', '1979-02-22 02:48:52', '1979-03-24 18:19:23', '1977-12-27 02:11:12', '1971-11-03 13:52:41');
INSERT INTO `friendship` (`user_id`, `friend_id`, `friendship_status`, `requested_at`, `confirmed_at`, `created_at`, `updated_at`) VALUES (41, 35, 'FOLLOWING', '1977-12-22 14:24:33', '2005-04-02 09:48:06', '2004-07-24 12:38:40', '1986-06-17 21:40:10');
INSERT INTO `friendship` (`user_id`, `friend_id`, `friendship_status`, `requested_at`, `confirmed_at`, `created_at`, `updated_at`) VALUES (42, 10, 'FRIENDSHIP', '1971-03-05 09:41:17', '2020-06-19 13:56:13', '2012-11-12 04:39:09', '1974-12-19 05:08:05');
INSERT INTO `friendship` (`user_id`, `friend_id`, `friendship_status`, `requested_at`, `confirmed_at`, `created_at`, `updated_at`) VALUES (43, 46, 'FRIENDSHIP', '1976-07-04 05:06:59', '2020-01-15 08:09:00', '1994-09-09 01:53:38', '1994-10-23 10:57:17');
INSERT INTO `friendship` (`user_id`, `friend_id`, `friendship_status`, `requested_at`, `confirmed_at`, `created_at`, `updated_at`) VALUES (44, 54, 'BLOCKED', '1996-10-11 23:53:48', '2020-01-02 00:50:51', '2012-12-05 18:48:06', '1976-12-10 06:03:24');
INSERT INTO `friendship` (`user_id`, `friend_id`, `friendship_status`, `requested_at`, `confirmed_at`, `created_at`, `updated_at`) VALUES (45, 39, 'FOLLOWING', '1981-03-07 10:35:25', '2019-02-04 13:33:08', '2007-01-06 12:54:10', '2006-05-05 14:22:17');
INSERT INTO `friendship` (`user_id`, `friend_id`, `friendship_status`, `requested_at`, `confirmed_at`, `created_at`, `updated_at`) VALUES (46, 35, 'FRIENDSHIP', '2020-09-30 09:00:08', '2007-12-01 09:27:21', '2005-12-08 13:09:09', '2009-06-30 13:25:40');
INSERT INTO `friendship` (`user_id`, `friend_id`, `friendship_status`, `requested_at`, `confirmed_at`, `created_at`, `updated_at`) VALUES (47, 98, 'FOLLOWING', '1999-12-24 04:27:19', '2013-11-22 03:23:39', '2000-05-25 06:19:27', '2000-06-18 17:39:56');
INSERT INTO `friendship` (`user_id`, `friend_id`, `friendship_status`, `requested_at`, `confirmed_at`, `created_at`, `updated_at`) VALUES (48, 10, 'FOLLOWING', '2020-01-20 01:30:56', '2000-04-08 23:15:42', '1974-07-18 05:43:05', '2013-06-15 23:47:11');
INSERT INTO `friendship` (`user_id`, `friend_id`, `friendship_status`, `requested_at`, `confirmed_at`, `created_at`, `updated_at`) VALUES (49, 71, 'FOLLOWING', '2006-01-29 05:07:08', '1989-05-07 13:37:33', '1976-11-15 11:33:49', '1979-02-03 10:08:10');
INSERT INTO `friendship` (`user_id`, `friend_id`, `friendship_status`, `requested_at`, `confirmed_at`, `created_at`, `updated_at`) VALUES (50, 5, 'FOLLOWING', '2007-01-20 14:42:26', '2016-06-29 14:36:05', '2004-06-28 05:09:19', '2002-07-26 16:03:32');
INSERT INTO `friendship` (`user_id`, `friend_id`, `friendship_status`, `requested_at`, `confirmed_at`, `created_at`, `updated_at`) VALUES (51, 4, 'FOLLOWING', '2012-11-10 13:31:06', '2007-10-11 11:45:57', '2008-04-30 06:06:36', '2016-03-06 14:40:31');
INSERT INTO `friendship` (`user_id`, `friend_id`, `friendship_status`, `requested_at`, `confirmed_at`, `created_at`, `updated_at`) VALUES (52, 27, 'FOLLOWING', '1991-11-02 05:52:59', '2019-08-13 07:20:17', '1981-11-07 05:09:20', '1983-03-09 00:32:18');
INSERT INTO `friendship` (`user_id`, `friend_id`, `friendship_status`, `requested_at`, `confirmed_at`, `created_at`, `updated_at`) VALUES (53, 46, 'BLOCKED', '1985-02-14 17:46:26', '2017-03-02 06:10:23', '1995-01-25 01:33:42', '1993-02-20 18:37:14');
INSERT INTO `friendship` (`user_id`, `friend_id`, `friendship_status`, `requested_at`, `confirmed_at`, `created_at`, `updated_at`) VALUES (54, 76, 'BLOCKED', '2005-12-30 09:27:02', '1985-11-02 21:39:07', '2008-05-25 00:51:34', '1975-03-17 04:56:24');
INSERT INTO `friendship` (`user_id`, `friend_id`, `friendship_status`, `requested_at`, `confirmed_at`, `created_at`, `updated_at`) VALUES (55, 53, 'BLOCKED', '2010-11-02 15:54:26', '2016-01-07 00:12:37', '1989-03-06 10:08:04', '1979-09-23 00:42:00');
INSERT INTO `friendship` (`user_id`, `friend_id`, `friendship_status`, `requested_at`, `confirmed_at`, `created_at`, `updated_at`) VALUES (56, 57, 'FRIENDSHIP', '2007-12-31 14:43:23', '1970-02-15 11:25:59', '1970-05-01 04:04:16', '1993-07-22 01:40:19');
INSERT INTO `friendship` (`user_id`, `friend_id`, `friendship_status`, `requested_at`, `confirmed_at`, `created_at`, `updated_at`) VALUES (57, 50, 'FRIENDSHIP', '1976-01-08 15:48:02', '2013-03-12 00:58:17', '1998-11-03 23:10:11', '2004-09-22 04:31:48');
INSERT INTO `friendship` (`user_id`, `friend_id`, `friendship_status`, `requested_at`, `confirmed_at`, `created_at`, `updated_at`) VALUES (58, 92, 'BLOCKED', '1977-04-24 09:22:55', '1988-12-09 05:39:08', '1972-09-02 09:08:41', '2015-04-07 18:16:59');
INSERT INTO `friendship` (`user_id`, `friend_id`, `friendship_status`, `requested_at`, `confirmed_at`, `created_at`, `updated_at`) VALUES (59, 41, 'FOLLOWING', '1982-02-17 12:27:02', '1981-06-10 11:19:07', '1984-12-18 01:25:08', '1976-10-09 18:36:35');
INSERT INTO `friendship` (`user_id`, `friend_id`, `friendship_status`, `requested_at`, `confirmed_at`, `created_at`, `updated_at`) VALUES (60, 94, 'FRIENDSHIP', '1990-04-04 19:51:07', '1980-02-26 04:44:54', '1979-06-01 09:14:35', '2001-03-27 12:10:26');
INSERT INTO `friendship` (`user_id`, `friend_id`, `friendship_status`, `requested_at`, `confirmed_at`, `created_at`, `updated_at`) VALUES (61, 81, 'FRIENDSHIP', '2011-01-08 01:51:49', '1981-09-01 10:45:48', '1989-03-20 00:34:09', '1998-03-09 18:55:38');
INSERT INTO `friendship` (`user_id`, `friend_id`, `friendship_status`, `requested_at`, `confirmed_at`, `created_at`, `updated_at`) VALUES (62, 97, 'FOLLOWING', '1981-11-22 03:23:55', '2020-10-10 11:28:10', '1998-12-06 03:31:30', '1999-10-19 03:08:47');
INSERT INTO `friendship` (`user_id`, `friend_id`, `friendship_status`, `requested_at`, `confirmed_at`, `created_at`, `updated_at`) VALUES (63, 39, 'BLOCKED', '1986-02-03 21:39:01', '1974-07-02 10:38:26', '1975-01-26 21:16:33', '1989-04-23 13:19:57');
INSERT INTO `friendship` (`user_id`, `friend_id`, `friendship_status`, `requested_at`, `confirmed_at`, `created_at`, `updated_at`) VALUES (64, 25, 'FRIENDSHIP', '2006-08-30 21:56:14', '1985-12-05 01:52:56', '1985-04-05 11:51:38', '1974-08-12 23:22:26');
INSERT INTO `friendship` (`user_id`, `friend_id`, `friendship_status`, `requested_at`, `confirmed_at`, `created_at`, `updated_at`) VALUES (65, 19, 'FOLLOWING', '2003-04-28 19:26:14', '1974-05-06 16:52:32', '2011-10-23 16:29:08', '2000-05-11 02:33:42');
INSERT INTO `friendship` (`user_id`, `friend_id`, `friendship_status`, `requested_at`, `confirmed_at`, `created_at`, `updated_at`) VALUES (66, 70, 'BLOCKED', '2008-02-04 07:34:38', '1978-02-22 01:17:24', '1993-03-15 04:29:25', '1979-01-18 21:47:27');
INSERT INTO `friendship` (`user_id`, `friend_id`, `friendship_status`, `requested_at`, `confirmed_at`, `created_at`, `updated_at`) VALUES (67, 92, 'BLOCKED', '2011-04-11 06:24:33', '1971-09-26 10:20:52', '1990-09-19 15:12:24', '2005-12-14 05:03:09');
INSERT INTO `friendship` (`user_id`, `friend_id`, `friendship_status`, `requested_at`, `confirmed_at`, `created_at`, `updated_at`) VALUES (68, 84, 'BLOCKED', '1975-03-01 04:15:48', '2004-11-23 01:56:29', '2005-09-14 07:43:46', '2007-05-15 09:50:26');
INSERT INTO `friendship` (`user_id`, `friend_id`, `friendship_status`, `requested_at`, `confirmed_at`, `created_at`, `updated_at`) VALUES (69, 36, 'FOLLOWING', '1993-05-17 12:24:56', '2013-01-20 16:04:11', '2005-11-08 15:16:56', '1989-10-30 13:37:04');
INSERT INTO `friendship` (`user_id`, `friend_id`, `friendship_status`, `requested_at`, `confirmed_at`, `created_at`, `updated_at`) VALUES (70, 61, 'BLOCKED', '1970-12-14 03:13:40', '1989-09-10 13:24:14', '1984-09-25 00:31:22', '1991-08-20 22:17:31');
INSERT INTO `friendship` (`user_id`, `friend_id`, `friendship_status`, `requested_at`, `confirmed_at`, `created_at`, `updated_at`) VALUES (71, 7, 'FRIENDSHIP', '2004-05-16 16:48:33', '2002-12-04 17:19:16', '1975-02-04 21:16:40', '2015-07-21 02:02:08');
INSERT INTO `friendship` (`user_id`, `friend_id`, `friendship_status`, `requested_at`, `confirmed_at`, `created_at`, `updated_at`) VALUES (72, 70, 'BLOCKED', '2012-01-18 04:11:58', '2017-03-14 05:13:02', '1990-10-12 14:18:01', '1981-12-19 08:46:19');
INSERT INTO `friendship` (`user_id`, `friend_id`, `friendship_status`, `requested_at`, `confirmed_at`, `created_at`, `updated_at`) VALUES (73, 71, 'BLOCKED', '2020-05-10 10:42:04', '2009-04-23 12:10:53', '2015-03-28 11:45:37', '1991-10-02 14:53:34');
INSERT INTO `friendship` (`user_id`, `friend_id`, `friendship_status`, `requested_at`, `confirmed_at`, `created_at`, `updated_at`) VALUES (74, 52, 'FOLLOWING', '1978-01-21 18:25:27', '2003-02-17 18:50:04', '2008-03-25 12:08:37', '1982-02-28 23:05:07');
INSERT INTO `friendship` (`user_id`, `friend_id`, `friendship_status`, `requested_at`, `confirmed_at`, `created_at`, `updated_at`) VALUES (75, 23, 'BLOCKED', '2006-12-18 03:20:50', '2010-11-11 14:27:34', '1996-10-23 13:06:08', '1997-04-07 23:09:54');
INSERT INTO `friendship` (`user_id`, `friend_id`, `friendship_status`, `requested_at`, `confirmed_at`, `created_at`, `updated_at`) VALUES (76, 9, 'BLOCKED', '1981-12-19 21:20:46', '1980-03-09 00:06:19', '1972-11-05 10:18:17', '1998-08-25 18:36:29');
INSERT INTO `friendship` (`user_id`, `friend_id`, `friendship_status`, `requested_at`, `confirmed_at`, `created_at`, `updated_at`) VALUES (77, 86, 'FRIENDSHIP', '2007-12-13 17:02:26', '1999-10-25 11:24:39', '2016-07-13 03:54:51', '1984-06-18 08:34:38');
INSERT INTO `friendship` (`user_id`, `friend_id`, `friendship_status`, `requested_at`, `confirmed_at`, `created_at`, `updated_at`) VALUES (78, 20, 'FOLLOWING', '2012-03-08 00:14:29', '2011-09-23 11:39:53', '1973-05-24 18:13:24', '1977-12-03 01:57:52');
INSERT INTO `friendship` (`user_id`, `friend_id`, `friendship_status`, `requested_at`, `confirmed_at`, `created_at`, `updated_at`) VALUES (79, 19, 'BLOCKED', '1973-03-03 09:52:52', '1985-05-08 01:00:11', '2005-03-27 16:23:02', '2015-11-24 16:40:17');
INSERT INTO `friendship` (`user_id`, `friend_id`, `friendship_status`, `requested_at`, `confirmed_at`, `created_at`, `updated_at`) VALUES (80, 57, 'BLOCKED', '1973-05-08 23:02:23', '1995-11-10 18:25:52', '1974-10-26 16:43:27', '1985-05-08 03:13:24');
INSERT INTO `friendship` (`user_id`, `friend_id`, `friendship_status`, `requested_at`, `confirmed_at`, `created_at`, `updated_at`) VALUES (81, 25, 'BLOCKED', '1982-10-23 21:35:39', '1991-11-11 00:44:03', '1976-01-11 10:28:19', '1992-10-27 15:01:02');
INSERT INTO `friendship` (`user_id`, `friend_id`, `friendship_status`, `requested_at`, `confirmed_at`, `created_at`, `updated_at`) VALUES (82, 22, 'FOLLOWING', '1975-04-28 03:31:05', '1992-05-26 02:05:46', '1978-04-01 04:45:06', '2011-11-25 21:50:23');
INSERT INTO `friendship` (`user_id`, `friend_id`, `friendship_status`, `requested_at`, `confirmed_at`, `created_at`, `updated_at`) VALUES (83, 84, 'BLOCKED', '1998-09-27 15:58:37', '1983-02-22 00:57:45', '2012-04-30 23:47:07', '1977-10-24 17:10:03');
INSERT INTO `friendship` (`user_id`, `friend_id`, `friendship_status`, `requested_at`, `confirmed_at`, `created_at`, `updated_at`) VALUES (84, 70, 'FRIENDSHIP', '1995-02-20 21:12:15', '2015-04-18 15:25:38', '1986-10-11 07:01:46', '2014-12-31 20:23:05');
INSERT INTO `friendship` (`user_id`, `friend_id`, `friendship_status`, `requested_at`, `confirmed_at`, `created_at`, `updated_at`) VALUES (85, 98, 'BLOCKED', '2015-05-18 04:17:28', '1987-05-27 03:00:50', '2011-04-18 12:37:58', '2004-07-28 05:35:17');
INSERT INTO `friendship` (`user_id`, `friend_id`, `friendship_status`, `requested_at`, `confirmed_at`, `created_at`, `updated_at`) VALUES (86, 36, 'FOLLOWING', '2003-07-12 09:11:07', '1991-12-11 13:04:24', '2009-05-31 12:08:39', '2012-10-22 17:52:22');
INSERT INTO `friendship` (`user_id`, `friend_id`, `friendship_status`, `requested_at`, `confirmed_at`, `created_at`, `updated_at`) VALUES (87, 26, 'FRIENDSHIP', '1984-05-01 08:01:21', '1985-07-25 12:29:41', '2008-07-17 19:09:16', '1998-12-19 05:07:19');
INSERT INTO `friendship` (`user_id`, `friend_id`, `friendship_status`, `requested_at`, `confirmed_at`, `created_at`, `updated_at`) VALUES (88, 47, 'FOLLOWING', '1985-05-05 00:10:48', '2013-11-12 02:27:58', '1990-02-01 07:54:17', '2004-12-29 00:11:28');
INSERT INTO `friendship` (`user_id`, `friend_id`, `friendship_status`, `requested_at`, `confirmed_at`, `created_at`, `updated_at`) VALUES (89, 28, 'FOLLOWING', '1987-06-24 12:34:34', '2003-08-05 07:20:33', '2003-06-10 03:05:44', '1986-09-12 04:36:12');
INSERT INTO `friendship` (`user_id`, `friend_id`, `friendship_status`, `requested_at`, `confirmed_at`, `created_at`, `updated_at`) VALUES (90, 66, 'FOLLOWING', '2002-08-30 19:46:05', '2006-12-26 16:16:30', '2010-10-02 07:31:14', '2013-06-19 18:33:14');
INSERT INTO `friendship` (`user_id`, `friend_id`, `friendship_status`, `requested_at`, `confirmed_at`, `created_at`, `updated_at`) VALUES (91, 41, 'FOLLOWING', '2020-11-10 10:53:39', '1987-02-17 10:33:10', '2003-11-17 17:17:49', '1990-02-08 06:37:07');
INSERT INTO `friendship` (`user_id`, `friend_id`, `friendship_status`, `requested_at`, `confirmed_at`, `created_at`, `updated_at`) VALUES (92, 9, 'FOLLOWING', '1985-06-17 12:45:14', '1977-03-12 11:58:11', '1990-10-22 01:52:52', '1988-09-06 05:45:55');
INSERT INTO `friendship` (`user_id`, `friend_id`, `friendship_status`, `requested_at`, `confirmed_at`, `created_at`, `updated_at`) VALUES (93, 63, 'FRIENDSHIP', '2021-05-23 07:08:08', '1990-03-15 15:29:26', '1971-02-01 19:36:58', '2013-07-05 15:08:54');
INSERT INTO `friendship` (`user_id`, `friend_id`, `friendship_status`, `requested_at`, `confirmed_at`, `created_at`, `updated_at`) VALUES (94, 80, 'FRIENDSHIP', '2001-11-26 07:18:12', '2003-10-05 19:49:11', '2019-02-07 23:25:17', '1984-08-31 10:03:49');
INSERT INTO `friendship` (`user_id`, `friend_id`, `friendship_status`, `requested_at`, `confirmed_at`, `created_at`, `updated_at`) VALUES (95, 33, 'FRIENDSHIP', '1976-06-19 00:29:01', '1979-06-27 15:55:10', '1977-07-19 03:18:47', '2012-09-17 23:31:47');
INSERT INTO `friendship` (`user_id`, `friend_id`, `friendship_status`, `requested_at`, `confirmed_at`, `created_at`, `updated_at`) VALUES (96, 81, 'BLOCKED', '1997-06-24 15:08:47', '1997-05-08 09:04:50', '1998-07-07 23:13:52', '1999-11-17 22:17:38');
INSERT INTO `friendship` (`user_id`, `friend_id`, `friendship_status`, `requested_at`, `confirmed_at`, `created_at`, `updated_at`) VALUES (97, 49, 'FRIENDSHIP', '1987-08-23 11:54:16', '2005-10-22 10:53:25', '1970-07-04 23:43:57', '1970-05-30 20:00:38');
INSERT INTO `friendship` (`user_id`, `friend_id`, `friendship_status`, `requested_at`, `confirmed_at`, `created_at`, `updated_at`) VALUES (98, 25, 'FRIENDSHIP', '2018-11-18 08:12:31', '2019-08-28 14:34:40', '2000-09-05 07:42:06', '2016-08-04 20:59:57');
INSERT INTO `friendship` (`user_id`, `friend_id`, `friendship_status`, `requested_at`, `confirmed_at`, `created_at`, `updated_at`) VALUES (99, 65, 'FRIENDSHIP', '2018-10-08 03:44:33', '1990-05-23 08:11:35', '1978-02-25 10:14:49', '1994-09-05 01:40:59');
INSERT INTO `friendship` (`user_id`, `friend_id`, `friendship_status`, `requested_at`, `confirmed_at`, `created_at`, `updated_at`) VALUES (100, 84, 'BLOCKED', '2014-10-11 04:07:19', '1982-12-09 02:44:57', '2005-10-19 17:12:03', '1990-11-25 11:54:36');

-- -- Заполнение таблицы Communities--
INSERT INTO `communities` (`id`, `name`, `created_at`, `updated_at`) VALUES (1, 'id', '1999-12-01 11:55:03', '2019-12-29 07:58:14');
INSERT INTO `communities` (`id`, `name`, `created_at`, `updated_at`) VALUES (2, 'optio', '2007-10-01 09:06:03', '1993-11-26 12:33:13');
INSERT INTO `communities` (`id`, `name`, `created_at`, `updated_at`) VALUES (3, 'sed', '1993-03-09 14:37:13', '2017-12-20 04:09:09');
INSERT INTO `communities` (`id`, `name`, `created_at`, `updated_at`) VALUES (4, 'unde', '1986-03-18 02:16:36', '2000-08-10 14:29:36');
INSERT INTO `communities` (`id`, `name`, `created_at`, `updated_at`) VALUES (5, 'ad', '2010-07-12 21:16:42', '1980-12-29 07:45:05');
INSERT INTO `communities` (`id`, `name`, `created_at`, `updated_at`) VALUES (6, 'recusandae', '1994-05-22 22:06:58', '1993-07-08 05:16:08');
INSERT INTO `communities` (`id`, `name`, `created_at`, `updated_at`) VALUES (7, 'assumenda', '1999-07-31 21:07:26', '2011-06-07 23:18:32');
INSERT INTO `communities` (`id`, `name`, `created_at`, `updated_at`) VALUES (8, 'corrupti', '1994-02-19 05:55:50', '1979-01-03 18:35:20');
INSERT INTO `communities` (`id`, `name`, `created_at`, `updated_at`) VALUES (9, 'vel', '2007-04-16 08:11:12', '1993-08-11 08:09:21');
INSERT INTO `communities` (`id`, `name`, `created_at`, `updated_at`) VALUES (10, 'quae', '1975-01-20 18:08:33', '2009-08-23 15:53:36');
INSERT INTO `communities` (`id`, `name`, `created_at`, `updated_at`) VALUES (11, 'quis', '1972-07-21 00:45:31', '1996-11-23 19:58:09');
INSERT INTO `communities` (`id`, `name`, `created_at`, `updated_at`) VALUES (12, 'odit', '1980-08-17 11:26:47', '1988-10-31 20:52:10');
INSERT INTO `communities` (`id`, `name`, `created_at`, `updated_at`) VALUES (13, 'quisquam', '2004-09-21 17:12:51', '1982-07-09 11:51:43');
INSERT INTO `communities` (`id`, `name`, `created_at`, `updated_at`) VALUES (14, 'quo', '1990-01-31 14:17:59', '2015-01-28 13:36:30');
INSERT INTO `communities` (`id`, `name`, `created_at`, `updated_at`) VALUES (15, 'voluptatem', '1980-12-10 16:40:12', '2010-11-15 10:05:07');
INSERT INTO `communities` (`id`, `name`, `created_at`, `updated_at`) VALUES (16, 'eaque', '2000-03-29 20:23:07', '1985-11-10 07:45:59');
INSERT INTO `communities` (`id`, `name`, `created_at`, `updated_at`) VALUES (17, 'earum', '1982-03-14 23:08:29', '1985-05-23 20:43:12');
INSERT INTO `communities` (`id`, `name`, `created_at`, `updated_at`) VALUES (18, 'fuga', '1988-12-03 21:24:28', '2001-10-29 15:44:12');
INSERT INTO `communities` (`id`, `name`, `created_at`, `updated_at`) VALUES (19, 'molestiae', '1985-10-28 12:14:09', '2003-07-04 05:23:15');
INSERT INTO `communities` (`id`, `name`, `created_at`, `updated_at`) VALUES (20, 'iure', '1979-10-08 14:42:57', '2015-11-06 06:49:48');
INSERT INTO `communities` (`id`, `name`, `created_at`, `updated_at`) VALUES (21, 'dignissimos', '2010-03-21 00:50:02', '2003-11-21 21:47:46');
INSERT INTO `communities` (`id`, `name`, `created_at`, `updated_at`) VALUES (22, 'error', '2011-09-17 10:52:27', '2004-09-16 09:59:08');
INSERT INTO `communities` (`id`, `name`, `created_at`, `updated_at`) VALUES (23, 'facilis', '1985-03-19 19:10:54', '1998-10-10 15:19:21');
INSERT INTO `communities` (`id`, `name`, `created_at`, `updated_at`) VALUES (24, 'libero', '2018-06-12 16:21:28', '1981-08-10 16:32:21');
INSERT INTO `communities` (`id`, `name`, `created_at`, `updated_at`) VALUES (25, 'et', '1975-12-04 11:18:27', '1992-11-14 19:22:48');
INSERT INTO `communities` (`id`, `name`, `created_at`, `updated_at`) VALUES (26, 'ullam', '2002-04-25 13:15:08', '2019-03-24 01:46:50');
INSERT INTO `communities` (`id`, `name`, `created_at`, `updated_at`) VALUES (27, 'deserunt', '2005-03-21 10:20:05', '1986-02-22 18:55:52');
INSERT INTO `communities` (`id`, `name`, `created_at`, `updated_at`) VALUES (28, 'praesentium', '2014-02-16 00:34:04', '1986-01-11 15:46:51');
INSERT INTO `communities` (`id`, `name`, `created_at`, `updated_at`) VALUES (29, 'nihil', '1991-06-21 07:13:52', '2008-11-23 12:10:07');
INSERT INTO `communities` (`id`, `name`, `created_at`, `updated_at`) VALUES (30, 'rerum', '2021-05-29 05:39:19', '2003-03-31 00:26:20');
INSERT INTO `communities` (`id`, `name`, `created_at`, `updated_at`) VALUES (31, 'doloremque', '2011-03-25 08:52:32', '1976-07-03 00:11:40');
INSERT INTO `communities` (`id`, `name`, `created_at`, `updated_at`) VALUES (32, 'iste', '1981-01-16 10:33:56', '1986-11-07 09:49:46');
INSERT INTO `communities` (`id`, `name`, `created_at`, `updated_at`) VALUES (33, 'commodi', '1973-08-04 23:11:32', '2021-04-03 01:02:09');
INSERT INTO `communities` (`id`, `name`, `created_at`, `updated_at`) VALUES (34, 'quasi', '2008-02-25 23:08:59', '1972-06-07 10:09:10');
INSERT INTO `communities` (`id`, `name`, `created_at`, `updated_at`) VALUES (35, 'modi', '2009-01-11 13:36:56', '1978-06-04 18:52:37');
INSERT INTO `communities` (`id`, `name`, `created_at`, `updated_at`) VALUES (36, 'est', '1994-02-21 20:59:02', '1986-04-08 19:48:55');
INSERT INTO `communities` (`id`, `name`, `created_at`, `updated_at`) VALUES (37, 'nobis', '2001-02-14 06:06:38', '1984-12-19 20:41:37');
INSERT INTO `communities` (`id`, `name`, `created_at`, `updated_at`) VALUES (38, 'esse', '1994-02-04 21:28:49', '2012-04-08 05:56:11');
INSERT INTO `communities` (`id`, `name`, `created_at`, `updated_at`) VALUES (39, 'reprehenderit', '1971-10-03 01:12:03', '1981-02-28 11:49:25');
INSERT INTO `communities` (`id`, `name`, `created_at`, `updated_at`) VALUES (40, 'impedit', '1987-11-29 12:33:34', '1991-10-07 16:39:44');
INSERT INTO `communities` (`id`, `name`, `created_at`, `updated_at`) VALUES (41, 'blanditiis', '2007-04-08 14:51:28', '1986-03-09 15:29:32');
INSERT INTO `communities` (`id`, `name`, `created_at`, `updated_at`) VALUES (42, 'ut', '2012-09-11 21:22:32', '2007-10-15 13:04:36');
INSERT INTO `communities` (`id`, `name`, `created_at`, `updated_at`) VALUES (43, 'quas', '2002-05-04 10:50:23', '1974-10-29 06:24:34');
INSERT INTO `communities` (`id`, `name`, `created_at`, `updated_at`) VALUES (44, 'quam', '1986-01-29 09:09:38', '1976-09-30 07:48:18');
INSERT INTO `communities` (`id`, `name`, `created_at`, `updated_at`) VALUES (45, 'voluptas', '2001-06-01 10:48:09', '1994-05-14 19:48:27');
INSERT INTO `communities` (`id`, `name`, `created_at`, `updated_at`) VALUES (46, 'qui', '1974-09-13 11:51:09', '1989-11-08 07:15:49');
INSERT INTO `communities` (`id`, `name`, `created_at`, `updated_at`) VALUES (47, 'eligendi', '1974-11-25 00:05:07', '1971-12-05 12:36:24');
INSERT INTO `communities` (`id`, `name`, `created_at`, `updated_at`) VALUES (48, 'cumque', '1973-06-08 19:20:16', '1989-12-10 17:28:57');
INSERT INTO `communities` (`id`, `name`, `created_at`, `updated_at`) VALUES (49, 'officiis', '1999-05-22 11:00:50', '1988-04-13 20:34:00');
INSERT INTO `communities` (`id`, `name`, `created_at`, `updated_at`) VALUES (50, 'debitis', '1975-08-22 20:04:07', '1973-04-24 16:44:42');
INSERT INTO `communities` (`id`, `name`, `created_at`, `updated_at`) VALUES (51, 'dolorem', '1995-02-14 01:20:57', '1996-05-21 02:08:57');
INSERT INTO `communities` (`id`, `name`, `created_at`, `updated_at`) VALUES (52, 'at', '2010-07-05 18:48:06', '2005-10-20 18:16:21');
INSERT INTO `communities` (`id`, `name`, `created_at`, `updated_at`) VALUES (53, 'odio', '2017-07-20 06:41:36', '1976-04-01 20:12:08');
INSERT INTO `communities` (`id`, `name`, `created_at`, `updated_at`) VALUES (54, 'ratione', '1989-10-06 09:37:23', '1991-03-30 12:23:44');
INSERT INTO `communities` (`id`, `name`, `created_at`, `updated_at`) VALUES (55, 'non', '1983-01-03 00:21:23', '2004-06-17 11:29:15');
INSERT INTO `communities` (`id`, `name`, `created_at`, `updated_at`) VALUES (56, 'perspiciatis', '1995-01-31 20:37:49', '2005-04-05 07:40:18');
INSERT INTO `communities` (`id`, `name`, `created_at`, `updated_at`) VALUES (57, 'soluta', '1981-04-03 11:18:52', '1973-06-05 21:13:48');
INSERT INTO `communities` (`id`, `name`, `created_at`, `updated_at`) VALUES (58, 'pariatur', '1970-11-25 23:40:00', '1981-01-17 23:12:24');
INSERT INTO `communities` (`id`, `name`, `created_at`, `updated_at`) VALUES (59, 'aut', '1973-01-22 23:40:23', '1995-04-03 15:40:42');
INSERT INTO `communities` (`id`, `name`, `created_at`, `updated_at`) VALUES (60, 'ipsam', '1974-02-17 10:57:23', '2007-07-12 23:00:06');
INSERT INTO `communities` (`id`, `name`, `created_at`, `updated_at`) VALUES (61, 'dolor', '2016-07-16 19:45:36', '1992-10-13 12:03:45');
INSERT INTO `communities` (`id`, `name`, `created_at`, `updated_at`) VALUES (62, 'quaerat', '2015-09-13 11:04:11', '1976-10-29 06:10:53');
INSERT INTO `communities` (`id`, `name`, `created_at`, `updated_at`) VALUES (63, 'magni', '2003-02-11 19:39:58', '1989-01-12 20:26:37');
INSERT INTO `communities` (`id`, `name`, `created_at`, `updated_at`) VALUES (64, 'neque', '2011-05-08 09:04:52', '2016-01-29 23:07:49');
INSERT INTO `communities` (`id`, `name`, `created_at`, `updated_at`) VALUES (65, 'sunt', '1999-11-01 18:36:01', '2006-07-06 02:43:52');
INSERT INTO `communities` (`id`, `name`, `created_at`, `updated_at`) VALUES (66, 'quidem', '1975-03-12 15:22:44', '1975-03-04 09:52:32');
INSERT INTO `communities` (`id`, `name`, `created_at`, `updated_at`) VALUES (67, 'reiciendis', '1989-06-10 10:18:42', '2013-06-05 20:49:53');
INSERT INTO `communities` (`id`, `name`, `created_at`, `updated_at`) VALUES (68, 'nulla', '1971-08-01 00:52:26', '2019-09-18 17:45:34');
INSERT INTO `communities` (`id`, `name`, `created_at`, `updated_at`) VALUES (69, 'sequi', '2011-07-20 03:32:39', '1991-12-03 00:12:17');
INSERT INTO `communities` (`id`, `name`, `created_at`, `updated_at`) VALUES (70, 'mollitia', '1985-02-23 07:49:58', '2015-06-09 18:33:41');
INSERT INTO `communities` (`id`, `name`, `created_at`, `updated_at`) VALUES (71, 'minus', '1984-07-17 09:44:13', '1981-03-21 15:33:25');
INSERT INTO `communities` (`id`, `name`, `created_at`, `updated_at`) VALUES (72, 'consequuntur', '2013-08-01 22:23:03', '1988-06-05 10:46:00');
INSERT INTO `communities` (`id`, `name`, `created_at`, `updated_at`) VALUES (73, 'ex', '1971-08-04 00:40:20', '2010-10-21 19:22:22');
INSERT INTO `communities` (`id`, `name`, `created_at`, `updated_at`) VALUES (74, 'suscipit', '1988-10-26 11:21:19', '1977-06-20 06:54:14');
INSERT INTO `communities` (`id`, `name`, `created_at`, `updated_at`) VALUES (75, 'consectetur', '1983-10-31 03:04:34', '2008-02-01 08:10:03');
INSERT INTO `communities` (`id`, `name`, `created_at`, `updated_at`) VALUES (76, 'corporis', '2006-12-09 09:31:23', '2012-04-09 03:21:41');
INSERT INTO `communities` (`id`, `name`, `created_at`, `updated_at`) VALUES (77, 'veniam', '2021-02-27 04:18:08', '2010-03-28 12:42:25');
INSERT INTO `communities` (`id`, `name`, `created_at`, `updated_at`) VALUES (78, 'fugiat', '1977-04-30 22:26:55', '2006-08-28 11:38:46');
INSERT INTO `communities` (`id`, `name`, `created_at`, `updated_at`) VALUES (79, 'in', '1976-02-27 11:34:09', '2008-10-28 10:08:00');
INSERT INTO `communities` (`id`, `name`, `created_at`, `updated_at`) VALUES (80, 'a', '1986-09-21 05:02:23', '2018-07-07 01:24:12');
INSERT INTO `communities` (`id`, `name`, `created_at`, `updated_at`) VALUES (81, 'animi', '2011-12-17 20:40:13', '1973-09-17 04:28:15');
INSERT INTO `communities` (`id`, `name`, `created_at`, `updated_at`) VALUES (82, 'voluptatibus', '2003-10-05 06:46:03', '1976-06-23 04:49:07');
INSERT INTO `communities` (`id`, `name`, `created_at`, `updated_at`) VALUES (83, 'voluptate', '2001-04-10 01:11:17', '1989-10-12 08:03:23');
INSERT INTO `communities` (`id`, `name`, `created_at`, `updated_at`) VALUES (84, 'aspernatur', '1992-02-27 10:07:51', '2002-01-28 14:42:38');
INSERT INTO `communities` (`id`, `name`, `created_at`, `updated_at`) VALUES (85, 'enim', '2007-04-11 06:33:54', '1997-10-04 14:53:28');
INSERT INTO `communities` (`id`, `name`, `created_at`, `updated_at`) VALUES (86, 'exercitationem', '1982-02-03 00:26:02', '1991-06-08 22:18:43');
INSERT INTO `communities` (`id`, `name`, `created_at`, `updated_at`) VALUES (87, 'ducimus', '2009-02-02 08:02:23', '1991-04-08 14:47:14');
INSERT INTO `communities` (`id`, `name`, `created_at`, `updated_at`) VALUES (88, 'dolores', '1986-05-14 05:40:25', '1996-05-26 00:19:56');
INSERT INTO `communities` (`id`, `name`, `created_at`, `updated_at`) VALUES (89, 'eum', '1978-07-31 21:13:53', '2008-01-18 20:41:59');
INSERT INTO `communities` (`id`, `name`, `created_at`, `updated_at`) VALUES (90, 'quia', '1987-04-22 06:35:50', '1994-07-07 18:50:53');
INSERT INTO `communities` (`id`, `name`, `created_at`, `updated_at`) VALUES (91, 'necessitatibus', '1992-06-08 22:42:35', '1999-12-15 17:13:14');
INSERT INTO `communities` (`id`, `name`, `created_at`, `updated_at`) VALUES (92, 'asperiores', '1998-04-25 09:40:04', '2012-08-21 10:08:27');
INSERT INTO `communities` (`id`, `name`, `created_at`, `updated_at`) VALUES (93, 'culpa', '1997-11-02 16:14:39', '1992-10-19 08:46:26');
INSERT INTO `communities` (`id`, `name`, `created_at`, `updated_at`) VALUES (94, 'aliquid', '1999-03-26 22:03:38', '2000-06-23 14:02:54');
INSERT INTO `communities` (`id`, `name`, `created_at`, `updated_at`) VALUES (95, 'architecto', '1978-05-08 06:21:50', '1994-12-26 10:03:47');
INSERT INTO `communities` (`id`, `name`, `created_at`, `updated_at`) VALUES (96, 'aliquam', '1984-07-14 16:55:12', '2008-05-30 07:37:14');
INSERT INTO `communities` (`id`, `name`, `created_at`, `updated_at`) VALUES (97, 'numquam', '1991-04-28 20:34:20', '1999-05-14 13:59:18');
INSERT INTO `communities` (`id`, `name`, `created_at`, `updated_at`) VALUES (98, 'repellendus', '1993-10-08 11:16:55', '2002-06-03 21:17:00');
INSERT INTO `communities` (`id`, `name`, `created_at`, `updated_at`) VALUES (99, 'tempora', '1975-03-21 22:28:09', '1977-03-29 22:28:14');
INSERT INTO `communities` (`id`, `name`, `created_at`, `updated_at`) VALUES (100, 'illum', '1986-12-12 14:55:31', '1973-02-05 03:01:36');

-- Заполнение таблицы Communities_users--
INSERT INTO `communities_users` (`community_id`, `user_id`, `created_at`) VALUES (2, 22, '2013-10-27 22:37:30');
INSERT INTO `communities_users` (`community_id`, `user_id`, `created_at`) VALUES (3, 27, '1976-05-16 14:13:39');
INSERT INTO `communities_users` (`community_id`, `user_id`, `created_at`) VALUES (3, 44, '1976-05-12 03:48:20');
INSERT INTO `communities_users` (`community_id`, `user_id`, `created_at`) VALUES (4, 51, '2017-01-26 13:40:49');
INSERT INTO `communities_users` (`community_id`, `user_id`, `created_at`) VALUES (6, 78, '2003-01-19 21:39:12');
INSERT INTO `communities_users` (`community_id`, `user_id`, `created_at`) VALUES (6, 95, '2001-11-05 11:26:00');
INSERT INTO `communities_users` (`community_id`, `user_id`, `created_at`) VALUES (7, 28, '1987-09-10 17:19:22');
INSERT INTO `communities_users` (`community_id`, `user_id`, `created_at`) VALUES (7, 29, '2011-04-05 11:55:53');
INSERT INTO `communities_users` (`community_id`, `user_id`, `created_at`) VALUES (8, 96, '2013-05-19 03:00:13');
INSERT INTO `communities_users` (`community_id`, `user_id`, `created_at`) VALUES (10, 21, '1986-12-04 21:55:31');
INSERT INTO `communities_users` (`community_id`, `user_id`, `created_at`) VALUES (12, 99, '1980-12-21 17:54:20');
INSERT INTO `communities_users` (`community_id`, `user_id`, `created_at`) VALUES (13, 3, '1994-10-12 06:30:56');
INSERT INTO `communities_users` (`community_id`, `user_id`, `created_at`) VALUES (13, 10, '2019-06-11 12:41:58');
INSERT INTO `communities_users` (`community_id`, `user_id`, `created_at`) VALUES (14, 100, '2005-01-25 04:09:44');
INSERT INTO `communities_users` (`community_id`, `user_id`, `created_at`) VALUES (15, 8, '1997-01-04 11:48:00');
INSERT INTO `communities_users` (`community_id`, `user_id`, `created_at`) VALUES (20, 19, '1985-04-22 22:23:45');
INSERT INTO `communities_users` (`community_id`, `user_id`, `created_at`) VALUES (20, 43, '1998-02-23 04:19:20');
INSERT INTO `communities_users` (`community_id`, `user_id`, `created_at`) VALUES (22, 4, '2002-12-10 17:48:22');
INSERT INTO `communities_users` (`community_id`, `user_id`, `created_at`) VALUES (22, 5, '1990-10-03 13:36:35');
INSERT INTO `communities_users` (`community_id`, `user_id`, `created_at`) VALUES (22, 87, '1974-09-30 21:37:54');
INSERT INTO `communities_users` (`community_id`, `user_id`, `created_at`) VALUES (23, 61, '2016-12-25 06:01:57');
INSERT INTO `communities_users` (`community_id`, `user_id`, `created_at`) VALUES (24, 22, '2006-02-22 09:40:00');
INSERT INTO `communities_users` (`community_id`, `user_id`, `created_at`) VALUES (24, 78, '1992-05-09 00:55:48');
INSERT INTO `communities_users` (`community_id`, `user_id`, `created_at`) VALUES (25, 19, '2005-03-08 17:40:24');
INSERT INTO `communities_users` (`community_id`, `user_id`, `created_at`) VALUES (26, 92, '1995-08-21 05:56:07');
INSERT INTO `communities_users` (`community_id`, `user_id`, `created_at`) VALUES (30, 36, '1977-09-27 22:25:06');
INSERT INTO `communities_users` (`community_id`, `user_id`, `created_at`) VALUES (31, 60, '1990-05-16 02:36:29');
INSERT INTO `communities_users` (`community_id`, `user_id`, `created_at`) VALUES (32, 52, '1971-10-08 02:08:09');
INSERT INTO `communities_users` (`community_id`, `user_id`, `created_at`) VALUES (33, 67, '1973-08-08 13:32:53');
INSERT INTO `communities_users` (`community_id`, `user_id`, `created_at`) VALUES (34, 5, '1986-05-11 08:15:45');
INSERT INTO `communities_users` (`community_id`, `user_id`, `created_at`) VALUES (37, 48, '1986-02-19 01:33:09');
INSERT INTO `communities_users` (`community_id`, `user_id`, `created_at`) VALUES (37, 84, '1980-01-26 01:56:36');
INSERT INTO `communities_users` (`community_id`, `user_id`, `created_at`) VALUES (37, 99, '2005-12-26 09:53:00');
INSERT INTO `communities_users` (`community_id`, `user_id`, `created_at`) VALUES (37, 100, '2015-12-30 02:18:27');
INSERT INTO `communities_users` (`community_id`, `user_id`, `created_at`) VALUES (38, 20, '1984-08-09 03:01:11');
INSERT INTO `communities_users` (`community_id`, `user_id`, `created_at`) VALUES (38, 39, '1989-03-16 09:11:22');
INSERT INTO `communities_users` (`community_id`, `user_id`, `created_at`) VALUES (38, 45, '1988-03-28 18:33:07');
INSERT INTO `communities_users` (`community_id`, `user_id`, `created_at`) VALUES (40, 2, '1998-01-18 07:06:23');
INSERT INTO `communities_users` (`community_id`, `user_id`, `created_at`) VALUES (41, 7, '1972-04-23 15:55:21');
INSERT INTO `communities_users` (`community_id`, `user_id`, `created_at`) VALUES (43, 42, '2000-08-26 00:58:53');
INSERT INTO `communities_users` (`community_id`, `user_id`, `created_at`) VALUES (49, 10, '1995-10-10 05:02:15');
INSERT INTO `communities_users` (`community_id`, `user_id`, `created_at`) VALUES (51, 19, '1989-12-11 06:04:54');
INSERT INTO `communities_users` (`community_id`, `user_id`, `created_at`) VALUES (54, 22, '2010-07-16 00:56:47');
INSERT INTO `communities_users` (`community_id`, `user_id`, `created_at`) VALUES (55, 30, '1986-05-04 14:31:33');
INSERT INTO `communities_users` (`community_id`, `user_id`, `created_at`) VALUES (55, 97, '2008-05-24 03:00:34');
INSERT INTO `communities_users` (`community_id`, `user_id`, `created_at`) VALUES (56, 33, '1973-04-15 05:17:49');
INSERT INTO `communities_users` (`community_id`, `user_id`, `created_at`) VALUES (56, 39, '1995-06-30 02:05:33');
INSERT INTO `communities_users` (`community_id`, `user_id`, `created_at`) VALUES (57, 67, '2016-07-07 03:27:18');
INSERT INTO `communities_users` (`community_id`, `user_id`, `created_at`) VALUES (58, 95, '1979-03-24 18:05:36');
INSERT INTO `communities_users` (`community_id`, `user_id`, `created_at`) VALUES (59, 81, '1999-02-17 19:31:43');
INSERT INTO `communities_users` (`community_id`, `user_id`, `created_at`) VALUES (59, 99, '1975-06-01 07:46:31');
INSERT INTO `communities_users` (`community_id`, `user_id`, `created_at`) VALUES (60, 28, '1987-03-16 12:22:09');
INSERT INTO `communities_users` (`community_id`, `user_id`, `created_at`) VALUES (61, 74, '2015-05-21 23:19:18');
INSERT INTO `communities_users` (`community_id`, `user_id`, `created_at`) VALUES (63, 30, '2008-04-24 10:04:10');
INSERT INTO `communities_users` (`community_id`, `user_id`, `created_at`) VALUES (63, 93, '1992-08-12 15:52:14');
INSERT INTO `communities_users` (`community_id`, `user_id`, `created_at`) VALUES (64, 8, '2010-08-16 14:34:55');
INSERT INTO `communities_users` (`community_id`, `user_id`, `created_at`) VALUES (64, 31, '2004-11-09 11:12:52');
INSERT INTO `communities_users` (`community_id`, `user_id`, `created_at`) VALUES (64, 58, '2011-09-21 16:09:25');
INSERT INTO `communities_users` (`community_id`, `user_id`, `created_at`) VALUES (65, 72, '1971-01-22 17:57:18');
INSERT INTO `communities_users` (`community_id`, `user_id`, `created_at`) VALUES (66, 43, '1990-01-11 03:16:00');
INSERT INTO `communities_users` (`community_id`, `user_id`, `created_at`) VALUES (66, 60, '1971-12-31 03:24:00');
INSERT INTO `communities_users` (`community_id`, `user_id`, `created_at`) VALUES (67, 26, '1988-12-19 12:49:29');
INSERT INTO `communities_users` (`community_id`, `user_id`, `created_at`) VALUES (67, 42, '2008-06-25 19:31:26');
INSERT INTO `communities_users` (`community_id`, `user_id`, `created_at`) VALUES (67, 96, '1973-09-13 18:02:35');
INSERT INTO `communities_users` (`community_id`, `user_id`, `created_at`) VALUES (68, 68, '1989-10-30 09:26:43');
INSERT INTO `communities_users` (`community_id`, `user_id`, `created_at`) VALUES (69, 3, '2000-06-20 04:51:12');
INSERT INTO `communities_users` (`community_id`, `user_id`, `created_at`) VALUES (69, 7, '1981-09-30 06:55:50');
INSERT INTO `communities_users` (`community_id`, `user_id`, `created_at`) VALUES (71, 82, '2017-06-26 18:52:34');
INSERT INTO `communities_users` (`community_id`, `user_id`, `created_at`) VALUES (72, 2, '1985-06-09 07:01:19');
INSERT INTO `communities_users` (`community_id`, `user_id`, `created_at`) VALUES (72, 20, '2005-05-09 08:27:35');
INSERT INTO `communities_users` (`community_id`, `user_id`, `created_at`) VALUES (73, 15, '1994-05-13 08:23:02');
INSERT INTO `communities_users` (`community_id`, `user_id`, `created_at`) VALUES (74, 41, '1995-02-22 02:42:57');
INSERT INTO `communities_users` (`community_id`, `user_id`, `created_at`) VALUES (75, 77, '1981-02-24 02:27:33');
INSERT INTO `communities_users` (`community_id`, `user_id`, `created_at`) VALUES (76, 15, '2002-11-04 18:29:08');
INSERT INTO `communities_users` (`community_id`, `user_id`, `created_at`) VALUES (76, 26, '2011-01-31 04:55:15');
INSERT INTO `communities_users` (`community_id`, `user_id`, `created_at`) VALUES (77, 85, '1990-02-21 00:03:23');
INSERT INTO `communities_users` (`community_id`, `user_id`, `created_at`) VALUES (78, 2, '1993-01-20 05:58:57');
INSERT INTO `communities_users` (`community_id`, `user_id`, `created_at`) VALUES (78, 34, '2014-11-03 03:41:28');
INSERT INTO `communities_users` (`community_id`, `user_id`, `created_at`) VALUES (80, 29, '2015-02-10 02:58:39');
INSERT INTO `communities_users` (`community_id`, `user_id`, `created_at`) VALUES (80, 35, '2020-05-07 11:03:34');
INSERT INTO `communities_users` (`community_id`, `user_id`, `created_at`) VALUES (81, 95, '1971-05-10 12:38:29');
INSERT INTO `communities_users` (`community_id`, `user_id`, `created_at`) VALUES (83, 79, '1970-02-03 00:50:14');
INSERT INTO `communities_users` (`community_id`, `user_id`, `created_at`) VALUES (84, 34, '1996-07-04 03:07:08');
INSERT INTO `communities_users` (`community_id`, `user_id`, `created_at`) VALUES (85, 57, '1987-07-09 23:07:33');
INSERT INTO `communities_users` (`community_id`, `user_id`, `created_at`) VALUES (85, 74, '2007-07-19 16:06:45');
INSERT INTO `communities_users` (`community_id`, `user_id`, `created_at`) VALUES (86, 77, '1999-12-18 01:03:16');
INSERT INTO `communities_users` (`community_id`, `user_id`, `created_at`) VALUES (87, 63, '1979-10-18 12:50:33');
INSERT INTO `communities_users` (`community_id`, `user_id`, `created_at`) VALUES (88, 47, '2004-11-23 20:08:00');
INSERT INTO `communities_users` (`community_id`, `user_id`, `created_at`) VALUES (88, 62, '2002-12-23 10:11:05');
INSERT INTO `communities_users` (`community_id`, `user_id`, `created_at`) VALUES (88, 77, '1994-06-12 17:55:37');
INSERT INTO `communities_users` (`community_id`, `user_id`, `created_at`) VALUES (90, 21, '1985-08-11 23:45:59');
INSERT INTO `communities_users` (`community_id`, `user_id`, `created_at`) VALUES (91, 77, '2007-02-13 19:42:56');
INSERT INTO `communities_users` (`community_id`, `user_id`, `created_at`) VALUES (92, 37, '2015-03-18 03:46:55');
INSERT INTO `communities_users` (`community_id`, `user_id`, `created_at`) VALUES (93, 80, '1987-09-16 16:28:37');
INSERT INTO `communities_users` (`community_id`, `user_id`, `created_at`) VALUES (95, 86, '1989-05-02 08:07:54');
INSERT INTO `communities_users` (`community_id`, `user_id`, `created_at`) VALUES (97, 34, '1992-12-20 17:13:00');
INSERT INTO `communities_users` (`community_id`, `user_id`, `created_at`) VALUES (98, 2, '1977-05-22 21:49:21');
INSERT INTO `communities_users` (`community_id`, `user_id`, `created_at`) VALUES (98, 10, '2013-11-08 07:19:46');
INSERT INTO `communities_users` (`community_id`, `user_id`, `created_at`) VALUES (98, 60, '1985-08-10 14:40:36');
INSERT INTO `communities_users` (`community_id`, `user_id`, `created_at`) VALUES (100, 42, '1974-10-22 23:11:49');

-- Заполнение таблицы Entity_types--
INSERT INTO `entity_types` (`name`) VALUES ('ad');
INSERT INTO `entity_types` (`name`) VALUES ('amet');
INSERT INTO `entity_types` (`name`) VALUES ('animi');
INSERT INTO `entity_types` (`name`) VALUES ('aperiam');
INSERT INTO `entity_types` (`name`) VALUES ('aspernatur');
INSERT INTO `entity_types` (`name`) VALUES ('assumenda');
INSERT INTO `entity_types` (`name`) VALUES ('atque');
INSERT INTO `entity_types` (`name`) VALUES ('aut');
INSERT INTO `entity_types` (`name`) VALUES ('autem');
INSERT INTO `entity_types` (`name`) VALUES ('blanditiis');
INSERT INTO `entity_types` (`name`) VALUES ('commodi');
INSERT INTO `entity_types` (`name`) VALUES ('consequatur');
INSERT INTO `entity_types` (`name`) VALUES ('corporis');
INSERT INTO `entity_types` (`name`) VALUES ('corrupti');
INSERT INTO `entity_types` (`name`) VALUES ('culpa');
INSERT INTO `entity_types` (`name`) VALUES ('cupiditate');
INSERT INTO `entity_types` (`name`) VALUES ('debitis');
INSERT INTO `entity_types` (`name`) VALUES ('deleniti');
INSERT INTO `entity_types` (`name`) VALUES ('deserunt');
INSERT INTO `entity_types` (`name`) VALUES ('distinctio');
INSERT INTO `entity_types` (`name`) VALUES ('dolor');
INSERT INTO `entity_types` (`name`) VALUES ('dolore');
INSERT INTO `entity_types` (`name`) VALUES ('dolorem');
INSERT INTO `entity_types` (`name`) VALUES ('doloremque');
INSERT INTO `entity_types` (`name`) VALUES ('dolores');
INSERT INTO `entity_types` (`name`) VALUES ('dolorum');
INSERT INTO `entity_types` (`name`) VALUES ('ducimus');
INSERT INTO `entity_types` (`name`) VALUES ('ea');
INSERT INTO `entity_types` (`name`) VALUES ('earum');
INSERT INTO `entity_types` (`name`) VALUES ('eius');
INSERT INTO `entity_types` (`name`) VALUES ('enim');
INSERT INTO `entity_types` (`name`) VALUES ('esse');
INSERT INTO `entity_types` (`name`) VALUES ('est');
INSERT INTO `entity_types` (`name`) VALUES ('et');
INSERT INTO `entity_types` (`name`) VALUES ('eum');
INSERT INTO `entity_types` (`name`) VALUES ('eveniet');
INSERT INTO `entity_types` (`name`) VALUES ('ex');
INSERT INTO `entity_types` (`name`) VALUES ('excepturi');
INSERT INTO `entity_types` (`name`) VALUES ('exercitationem');
INSERT INTO `entity_types` (`name`) VALUES ('facilis');
INSERT INTO `entity_types` (`name`) VALUES ('fuga');
INSERT INTO `entity_types` (`name`) VALUES ('fugit');
INSERT INTO `entity_types` (`name`) VALUES ('hic');
INSERT INTO `entity_types` (`name`) VALUES ('id');
INSERT INTO `entity_types` (`name`) VALUES ('illo');
INSERT INTO `entity_types` (`name`) VALUES ('illum');
INSERT INTO `entity_types` (`name`) VALUES ('in');
INSERT INTO `entity_types` (`name`) VALUES ('ipsa');
INSERT INTO `entity_types` (`name`) VALUES ('ipsam');
INSERT INTO `entity_types` (`name`) VALUES ('ipsum');
INSERT INTO `entity_types` (`name`) VALUES ('iste');
INSERT INTO `entity_types` (`name`) VALUES ('labore');
INSERT INTO `entity_types` (`name`) VALUES ('laboriosam');
INSERT INTO `entity_types` (`name`) VALUES ('laborum');
INSERT INTO `entity_types` (`name`) VALUES ('libero');
INSERT INTO `entity_types` (`name`) VALUES ('mollitia');
INSERT INTO `entity_types` (`name`) VALUES ('natus');
INSERT INTO `entity_types` (`name`) VALUES ('nemo');
INSERT INTO `entity_types` (`name`) VALUES ('neque');
INSERT INTO `entity_types` (`name`) VALUES ('nesciunt');
INSERT INTO `entity_types` (`name`) VALUES ('nihil');
INSERT INTO `entity_types` (`name`) VALUES ('nisi');
INSERT INTO `entity_types` (`name`) VALUES ('nobis');
INSERT INTO `entity_types` (`name`) VALUES ('non');
INSERT INTO `entity_types` (`name`) VALUES ('odit');
INSERT INTO `entity_types` (`name`) VALUES ('officia');
INSERT INTO `entity_types` (`name`) VALUES ('pariatur');
INSERT INTO `entity_types` (`name`) VALUES ('praesentium');
INSERT INTO `entity_types` (`name`) VALUES ('provident');
INSERT INTO `entity_types` (`name`) VALUES ('quam');
INSERT INTO `entity_types` (`name`) VALUES ('qui');
INSERT INTO `entity_types` (`name`) VALUES ('quia');
INSERT INTO `entity_types` (`name`) VALUES ('quibusdam');
INSERT INTO `entity_types` (`name`) VALUES ('quis');
INSERT INTO `entity_types` (`name`) VALUES ('quo');
INSERT INTO `entity_types` (`name`) VALUES ('quos');
INSERT INTO `entity_types` (`name`) VALUES ('ratione');
INSERT INTO `entity_types` (`name`) VALUES ('recusandae');
INSERT INTO `entity_types` (`name`) VALUES ('reiciendis');
INSERT INTO `entity_types` (`name`) VALUES ('repellendus');
INSERT INTO `entity_types` (`name`) VALUES ('rerum');
INSERT INTO `entity_types` (`name`) VALUES ('sapiente');
INSERT INTO `entity_types` (`name`) VALUES ('sed');
INSERT INTO `entity_types` (`name`) VALUES ('sit');
INSERT INTO `entity_types` (`name`) VALUES ('soluta');
INSERT INTO `entity_types` (`name`) VALUES ('sunt');
INSERT INTO `entity_types` (`name`) VALUES ('suscipit');
INSERT INTO `entity_types` (`name`) VALUES ('temporibus');
INSERT INTO `entity_types` (`name`) VALUES ('tenetur');
INSERT INTO `entity_types` (`name`) VALUES ('totam');
INSERT INTO `entity_types` (`name`) VALUES ('ullam');
INSERT INTO `entity_types` (`name`) VALUES ('unde');
INSERT INTO `entity_types` (`name`) VALUES ('ut');
INSERT INTO `entity_types` (`name`) VALUES ('vel');
INSERT INTO `entity_types` (`name`) VALUES ('veniam');
INSERT INTO `entity_types` (`name`) VALUES ('veritatis');
INSERT INTO `entity_types` (`name`) VALUES ('vero');
INSERT INTO `entity_types` (`name`) VALUES ('vitae');
INSERT INTO `entity_types` (`name`) VALUES ('voluptas');
INSERT INTO `entity_types` (`name`) VALUES ('voluptatem');

-- Заполнение таблицы Visibility--
INSERT INTO `visibility` (`value`) VALUES ('');
INSERT INTO `visibility` (`value`) VALUES ('1');
INSERT INTO `visibility` (`value`) VALUES ('2');
INSERT INTO `visibility` (`value`) VALUES ('3');
INSERT INTO `visibility` (`value`) VALUES ('4');
INSERT INTO `visibility` (`value`) VALUES ('5');
INSERT INTO `visibility` (`value`) VALUES ('6');
INSERT INTO `visibility` (`value`) VALUES ('7');
INSERT INTO `visibility` (`value`) VALUES ('8');
INSERT INTO `visibility` (`value`) VALUES ('9');

-- Заполнение таблицы Posts--
INSERT INTO `posts` (`id`, `user_id`, `community_id`, `post_content`, `visibility`, `created_at`, `updated_at`) VALUES (1, 90, 99, 'Et fugit aut natus consequatur. Non reiciendis a eveniet voluptatibus iste quo. In ullam dicta quo praesentium. Cupiditate autem autem culpa quibusdam voluptas qui repellendus.', '7', '1987-07-17 20:58:18', '1994-09-27 12:54:39');
INSERT INTO `posts` (`id`, `user_id`, `community_id`, `post_content`, `visibility`, `created_at`, `updated_at`) VALUES (2, 99, 14, 'Quibusdam occaecati tempore delectus at magni. Quod temporibus fugit nostrum quibusdam autem vero. Quia tempore laboriosam facere consectetur incidunt rerum voluptates.', '1', '2017-10-26 14:41:30', '1981-01-20 06:37:00');
INSERT INTO `posts` (`id`, `user_id`, `community_id`, `post_content`, `visibility`, `created_at`, `updated_at`) VALUES (3, 84, 70, 'Nulla quibusdam amet qui repellat. Delectus adipisci vitae quo id ut.\nConsequatur omnis facere sed inventore et minima. Qui autem doloremque ea repellendus rerum. Sed pariatur modi vel animi.', '1', '1992-06-13 22:58:27', '1971-07-18 06:48:34');
INSERT INTO `posts` (`id`, `user_id`, `community_id`, `post_content`, `visibility`, `created_at`, `updated_at`) VALUES (4, 70, 32, 'Et ut at laudantium omnis. Minus animi esse nisi quas iste deleniti qui. Asperiores suscipit consequatur repellendus aliquid.', '1', '1976-12-16 13:59:27', '2019-06-01 23:14:24');
INSERT INTO `posts` (`id`, `user_id`, `community_id`, `post_content`, `visibility`, `created_at`, `updated_at`) VALUES (5, 15, 46, 'Eum velit sequi officiis molestiae. Dolorem sequi consequatur voluptatem quo sunt. Rerum ratione et et aut. Qui doloremque enim eos placeat. Eaque quo corrupti eligendi error.', '3', '2009-04-12 22:42:00', '2013-07-28 04:34:23');
INSERT INTO `posts` (`id`, `user_id`, `community_id`, `post_content`, `visibility`, `created_at`, `updated_at`) VALUES (6, 55, 30, 'Incidunt voluptas qui temporibus velit at blanditiis hic. Nisi dolorem provident eum reprehenderit. Fugit sed nostrum quo.', '3', '1989-03-30 07:00:51', '1976-11-23 01:23:07');
INSERT INTO `posts` (`id`, `user_id`, `community_id`, `post_content`, `visibility`, `created_at`, `updated_at`) VALUES (7, 53, 5, 'Ex eaque ut omnis doloribus similique doloribus. Facere nemo ut est eum ea expedita magnam. Consequatur praesentium illo blanditiis in sit. Nihil et consequatur voluptatibus temporibus rem.', '2', '2009-06-20 12:40:52', '1971-03-17 21:15:09');
INSERT INTO `posts` (`id`, `user_id`, `community_id`, `post_content`, `visibility`, `created_at`, `updated_at`) VALUES (8, 7, 83, 'Ut blanditiis facilis maxime quasi placeat id. Aut quia ea nobis excepturi dolorem architecto incidunt. A eos tempore rerum dolorem velit a harum est.', '8', '2009-12-25 13:48:31', '2004-06-15 09:22:43');
INSERT INTO `posts` (`id`, `user_id`, `community_id`, `post_content`, `visibility`, `created_at`, `updated_at`) VALUES (9, 5, 29, 'Similique laborum sed non qui illo ut. Veritatis ipsa quia qui ea voluptates. Corrupti ipsam rerum consequatur quidem velit molestiae dignissimos. Nemo doloremque ab itaque eum temporibus culpa et.', '2', '2015-09-01 02:39:00', '1999-09-27 05:54:23');
INSERT INTO `posts` (`id`, `user_id`, `community_id`, `post_content`, `visibility`, `created_at`, `updated_at`) VALUES (10, 97, 8, 'Fugiat eligendi quia illum. Vero iure veritatis quisquam repudiandae vitae.', '1', '2009-10-03 01:34:59', '2019-08-03 02:15:42');
INSERT INTO `posts` (`id`, `user_id`, `community_id`, `post_content`, `visibility`, `created_at`, `updated_at`) VALUES (11, 68, 97, 'Voluptatum ad consequuntur itaque culpa. Deleniti eaque tempore nam eaque porro ut adipisci.', '', '1979-09-15 07:46:29', '2014-09-17 08:46:07');
INSERT INTO `posts` (`id`, `user_id`, `community_id`, `post_content`, `visibility`, `created_at`, `updated_at`) VALUES (12, 46, 96, 'Ipsa non magni est pariatur et quis commodi. Dignissimos autem explicabo aperiam non vero illo. Asperiores et dignissimos corporis eum. Nemo aliquam animi dolorem ex dolor facere.', '2', '2007-07-12 13:04:44', '2008-01-12 14:50:15');
INSERT INTO `posts` (`id`, `user_id`, `community_id`, `post_content`, `visibility`, `created_at`, `updated_at`) VALUES (13, 61, 80, 'Ex rem rerum ipsum optio. Voluptatem ut cumque occaecati consequatur vel sapiente laudantium at. Autem accusantium ut repellendus fugit modi sed iusto.', '9', '1976-04-03 07:15:33', '1995-05-06 15:57:48');
INSERT INTO `posts` (`id`, `user_id`, `community_id`, `post_content`, `visibility`, `created_at`, `updated_at`) VALUES (14, 78, 50, 'Est esse qui omnis vel dolores. Et itaque quia quia quis fugiat quo earum.\nVeritatis quas officia possimus accusamus et. Dolore iste accusamus ullam quos aliquam. Commodi est aut occaecati sapiente.', '2', '1976-07-02 12:28:00', '1985-09-14 23:43:34');
INSERT INTO `posts` (`id`, `user_id`, `community_id`, `post_content`, `visibility`, `created_at`, `updated_at`) VALUES (15, 93, 65, 'Sequi sint reiciendis est illo dolorem enim. Quas alias sint eos accusamus cumque est rerum. Quas vel rem asperiores in. Non aliquam quod quia delectus ea ipsum.', '6', '2003-10-26 02:34:18', '1988-08-31 12:00:35');
INSERT INTO `posts` (`id`, `user_id`, `community_id`, `post_content`, `visibility`, `created_at`, `updated_at`) VALUES (16, 26, 20, 'Ut tempora omnis ut est voluptatibus. Illo nobis et dolor rerum rerum expedita qui. Amet officiis maxime minus. Neque est veritatis quia deserunt impedit nisi.', '9', '1989-03-15 06:47:41', '1995-03-02 14:00:54');
INSERT INTO `posts` (`id`, `user_id`, `community_id`, `post_content`, `visibility`, `created_at`, `updated_at`) VALUES (17, 58, 72, 'Nihil laboriosam quis quia error ut explicabo. Ad est ut consequatur sint. Delectus et quibusdam esse harum eos rerum ipsam. Cupiditate repellat aperiam eum voluptas est.', '', '1990-02-18 19:44:21', '1996-08-15 08:34:38');
INSERT INTO `posts` (`id`, `user_id`, `community_id`, `post_content`, `visibility`, `created_at`, `updated_at`) VALUES (18, 78, 78, 'Est laudantium quas vel fugiat dignissimos. Adipisci et voluptas dolorem. Neque a dolorum praesentium quas consequuntur.', '8', '1991-06-27 01:57:31', '2010-09-19 10:58:06');
INSERT INTO `posts` (`id`, `user_id`, `community_id`, `post_content`, `visibility`, `created_at`, `updated_at`) VALUES (19, 65, 82, 'Quis et molestias id sit aliquam aspernatur natus adipisci. Qui nulla perferendis nobis quia. Voluptatem ipsa ullam quae labore ut ut nam.', '1', '2011-06-25 11:35:57', '2007-04-24 19:08:29');
INSERT INTO `posts` (`id`, `user_id`, `community_id`, `post_content`, `visibility`, `created_at`, `updated_at`) VALUES (20, 93, 78, 'Nisi ea cumque recusandae eius. Iusto veniam necessitatibus voluptates rerum veritatis dolor labore. Quaerat est et magnam suscipit qui doloremque. Enim officiis voluptate ipsum tempore.', '2', '1972-08-29 06:22:51', '2002-02-25 22:41:36');
INSERT INTO `posts` (`id`, `user_id`, `community_id`, `post_content`, `visibility`, `created_at`, `updated_at`) VALUES (21, 5, 46, 'Labore voluptas fugiat similique quo est. Sed sunt autem rerum qui explicabo et quia doloremque. Nihil quisquam impedit enim sit amet laborum quo et.', '1', '1978-06-15 23:41:08', '1987-01-28 09:15:03');
INSERT INTO `posts` (`id`, `user_id`, `community_id`, `post_content`, `visibility`, `created_at`, `updated_at`) VALUES (22, 14, 91, 'Dignissimos eum sed maxime sapiente. Earum nesciunt eum quae qui architecto et. Et ullam earum eveniet placeat dolorem rerum consequatur.', '1', '1990-11-26 07:42:31', '2003-05-30 03:05:49');
INSERT INTO `posts` (`id`, `user_id`, `community_id`, `post_content`, `visibility`, `created_at`, `updated_at`) VALUES (23, 37, 52, 'Laborum mollitia sunt non voluptate magni cumque. Temporibus in ut necessitatibus sapiente ipsum enim totam.', '9', '2009-07-13 13:59:11', '1992-07-17 05:48:28');
INSERT INTO `posts` (`id`, `user_id`, `community_id`, `post_content`, `visibility`, `created_at`, `updated_at`) VALUES (24, 28, 30, 'Dolorem maiores necessitatibus et eius. Et saepe facere corporis optio. Ad quia placeat officia inventore optio et tempore sed.', '4', '2013-01-20 07:12:52', '1988-07-12 20:07:38');
INSERT INTO `posts` (`id`, `user_id`, `community_id`, `post_content`, `visibility`, `created_at`, `updated_at`) VALUES (25, 52, 23, 'Doloribus nobis molestias quae autem sapiente aut at. Explicabo debitis tenetur nam velit odit labore rem. Aut maxime voluptas similique. Tempore eius saepe ipsa corporis fugiat quae.', '', '1975-04-27 01:44:04', '1973-11-26 12:43:53');
INSERT INTO `posts` (`id`, `user_id`, `community_id`, `post_content`, `visibility`, `created_at`, `updated_at`) VALUES (26, 21, 49, 'Doloremque aut laborum dignissimos quas qui fugit et. Expedita omnis laboriosam dolor aperiam omnis autem eum. Et saepe sint totam.', '2', '1989-09-01 09:13:45', '2002-06-22 21:30:13');
INSERT INTO `posts` (`id`, `user_id`, `community_id`, `post_content`, `visibility`, `created_at`, `updated_at`) VALUES (27, 19, 6, 'Dolor sed possimus veniam ea. Ut et adipisci in blanditiis corporis eveniet cum. Aliquam suscipit assumenda quam. Deserunt et totam voluptates et dolor ut.', '9', '2010-10-03 06:40:10', '1985-01-04 02:14:39');
INSERT INTO `posts` (`id`, `user_id`, `community_id`, `post_content`, `visibility`, `created_at`, `updated_at`) VALUES (28, 23, 83, 'Iure aut totam voluptatibus quo molestiae. Facilis illum reprehenderit quia et. Non minus vero quo ea est omnis porro laborum.', '7', '1985-04-20 22:36:34', '1988-04-01 13:51:29');
INSERT INTO `posts` (`id`, `user_id`, `community_id`, `post_content`, `visibility`, `created_at`, `updated_at`) VALUES (29, 9, 48, 'Rerum autem aut nemo earum aut itaque. Similique sit dolorem vel. Eum sed quos esse aut qui velit. Aut excepturi molestiae nemo nesciunt.', '5', '1999-08-19 10:34:06', '2019-10-24 09:06:45');
INSERT INTO `posts` (`id`, `user_id`, `community_id`, `post_content`, `visibility`, `created_at`, `updated_at`) VALUES (30, 23, 41, 'Aut provident odit nihil omnis. Itaque consectetur optio et rerum laborum neque mollitia non. Enim ullam vitae blanditiis occaecati. Distinctio eligendi doloribus qui blanditiis odit rerum eos.', '3', '1994-04-15 17:31:53', '1975-12-03 09:17:01');
INSERT INTO `posts` (`id`, `user_id`, `community_id`, `post_content`, `visibility`, `created_at`, `updated_at`) VALUES (31, 45, 45, 'Ut iusto aut qui ut consequatur exercitationem aut labore. Veniam repudiandae qui nihil dolorem omnis. Quia ab accusantium commodi. At possimus dolore rerum.', '7', '1997-05-02 14:33:33', '1976-06-13 01:49:07');
INSERT INTO `posts` (`id`, `user_id`, `community_id`, `post_content`, `visibility`, `created_at`, `updated_at`) VALUES (32, 63, 58, 'Optio qui eaque temporibus nisi molestias modi atque. Id aliquid sed nisi labore laudantium sit aliquid corrupti. Et qui consequuntur necessitatibus voluptatem distinctio rem.', '6', '1974-02-25 03:20:39', '1998-04-08 05:44:25');
INSERT INTO `posts` (`id`, `user_id`, `community_id`, `post_content`, `visibility`, `created_at`, `updated_at`) VALUES (33, 76, 94, 'Minima laboriosam molestiae eveniet sunt. Tenetur ipsa minus ipsa reiciendis ipsum dolore dolorum. Ab excepturi ut corrupti est quibusdam nobis. Eos culpa harum enim est velit et quisquam.', '2', '1972-04-30 07:35:31', '1999-06-28 05:09:47');
INSERT INTO `posts` (`id`, `user_id`, `community_id`, `post_content`, `visibility`, `created_at`, `updated_at`) VALUES (34, 69, 22, 'Nihil omnis adipisci hic harum voluptates. Nam debitis facilis autem magni et quia quia. Eum debitis fugiat ab facilis non odit. Aspernatur quo necessitatibus earum occaecati.', '5', '2008-01-14 08:28:49', '1986-06-15 08:22:28');
INSERT INTO `posts` (`id`, `user_id`, `community_id`, `post_content`, `visibility`, `created_at`, `updated_at`) VALUES (35, 10, 74, 'Corporis aut qui dignissimos natus velit quis quam. Est ad sit nam maxime voluptas sint. Cupiditate ut repellendus illo iure quaerat.', '7', '1987-10-24 22:47:43', '1982-11-05 07:55:06');
INSERT INTO `posts` (`id`, `user_id`, `community_id`, `post_content`, `visibility`, `created_at`, `updated_at`) VALUES (36, 16, 94, 'Iusto quia voluptates sequi eaque aliquid aut. Quis magnam voluptatum voluptas itaque. Atque pariatur consequatur non ut. Commodi qui ea tempore provident rerum vitae.', '2', '2008-11-29 10:40:25', '1974-12-14 11:56:32');
INSERT INTO `posts` (`id`, `user_id`, `community_id`, `post_content`, `visibility`, `created_at`, `updated_at`) VALUES (37, 41, 13, 'Repellendus consectetur quidem omnis commodi dolores fuga. Voluptatem enim itaque consectetur numquam. Quo quam fugiat non placeat.', '2', '1975-04-23 23:11:20', '1991-06-16 16:36:20');
INSERT INTO `posts` (`id`, `user_id`, `community_id`, `post_content`, `visibility`, `created_at`, `updated_at`) VALUES (38, 37, 35, 'Soluta non et voluptatem. Aperiam maiores ex tempora ut fugit. Non tempora voluptate beatae delectus harum dolores.', '', '1982-09-09 04:45:43', '2004-07-25 04:09:40');
INSERT INTO `posts` (`id`, `user_id`, `community_id`, `post_content`, `visibility`, `created_at`, `updated_at`) VALUES (39, 10, 43, 'Et odit quis tenetur sint et nam soluta. Error velit et optio corporis facilis molestiae. Amet nihil nemo sint aut aut. Sapiente molestiae ut harum.', '5', '1974-09-30 19:02:13', '1976-04-18 07:50:47');
INSERT INTO `posts` (`id`, `user_id`, `community_id`, `post_content`, `visibility`, `created_at`, `updated_at`) VALUES (40, 66, 66, 'Animi error at ut dolores. Veniam quo expedita dolore. Nostrum est et rerum dolor.', '9', '2019-03-17 22:57:04', '1995-04-20 08:25:57');
INSERT INTO `posts` (`id`, `user_id`, `community_id`, `post_content`, `visibility`, `created_at`, `updated_at`) VALUES (41, 98, 10, 'Qui voluptas corporis aperiam dolor sit. Quasi porro veritatis quasi architecto et et accusamus qui. Perspiciatis quam beatae odio est.', '3', '1989-06-29 16:09:57', '1978-07-03 02:55:07');
INSERT INTO `posts` (`id`, `user_id`, `community_id`, `post_content`, `visibility`, `created_at`, `updated_at`) VALUES (42, 76, 72, 'Quo qui nam voluptas maxime. Sit veniam et aut provident ipsa consequatur at. Voluptates aperiam voluptatibus aliquid architecto ut molestias architecto illo. Officia qui voluptas quasi nostrum nam.', '9', '1988-09-06 00:19:04', '1975-12-25 11:14:42');
INSERT INTO `posts` (`id`, `user_id`, `community_id`, `post_content`, `visibility`, `created_at`, `updated_at`) VALUES (43, 45, 48, 'Non quasi voluptas reprehenderit aut dicta. Necessitatibus delectus aspernatur qui veniam itaque. Veniam sed adipisci perspiciatis nisi dolorem hic.', '9', '1975-01-06 21:26:24', '2015-11-21 01:20:38');
INSERT INTO `posts` (`id`, `user_id`, `community_id`, `post_content`, `visibility`, `created_at`, `updated_at`) VALUES (44, 66, 16, 'Quo ullam explicabo expedita. Porro deserunt aliquam nihil reprehenderit dolorem nam. Sit eum molestiae perspiciatis minus est. Quidem autem deserunt autem autem.', '1', '1984-01-19 18:24:42', '1977-11-12 01:31:48');
INSERT INTO `posts` (`id`, `user_id`, `community_id`, `post_content`, `visibility`, `created_at`, `updated_at`) VALUES (45, 16, 26, 'Et consequatur ipsum quae est voluptates quidem occaecati. Quae alias id aut consequatur error.', '8', '2003-04-27 00:53:13', '1976-10-10 13:42:35');
INSERT INTO `posts` (`id`, `user_id`, `community_id`, `post_content`, `visibility`, `created_at`, `updated_at`) VALUES (46, 88, 42, 'Ea error nihil facere dolor harum veniam necessitatibus veniam. Qui placeat cupiditate omnis quia consectetur et labore. Distinctio neque necessitatibus mollitia expedita.', '7', '1978-03-22 04:03:32', '2013-12-03 15:56:27');
INSERT INTO `posts` (`id`, `user_id`, `community_id`, `post_content`, `visibility`, `created_at`, `updated_at`) VALUES (47, 8, 82, 'Id quo dolores minima omnis. Natus quis architecto blanditiis sint.', '9', '1996-05-24 13:19:18', '1986-09-27 16:25:18');
INSERT INTO `posts` (`id`, `user_id`, `community_id`, `post_content`, `visibility`, `created_at`, `updated_at`) VALUES (48, 34, 19, 'Eaque corporis recusandae molestiae molestiae optio alias. Nobis neque est tenetur iste consectetur qui. Ut ex nam eos. Modi laudantium maiores rerum.', '2', '1984-09-10 04:40:38', '1988-01-27 01:38:08');
INSERT INTO `posts` (`id`, `user_id`, `community_id`, `post_content`, `visibility`, `created_at`, `updated_at`) VALUES (49, 42, 28, 'Enim et quia aut temporibus. Natus velit deserunt id sunt libero quia sit. Totam nam asperiores eligendi occaecati perspiciatis quae.', '6', '1977-06-09 09:47:23', '2011-12-22 03:07:52');
INSERT INTO `posts` (`id`, `user_id`, `community_id`, `post_content`, `visibility`, `created_at`, `updated_at`) VALUES (50, 97, 94, 'Maxime aut pariatur tenetur quasi in. Fugit rerum aut non consequatur. Qui et at molestias.', '3', '1994-03-29 08:25:35', '1982-08-05 00:03:32');
INSERT INTO `posts` (`id`, `user_id`, `community_id`, `post_content`, `visibility`, `created_at`, `updated_at`) VALUES (51, 93, 91, 'Fuga alias facere perspiciatis dolor veniam repudiandae accusamus. Quia impedit quis perferendis quod. Corrupti sequi qui similique similique.', '4', '1982-03-25 09:17:18', '1995-11-30 11:45:24');
INSERT INTO `posts` (`id`, `user_id`, `community_id`, `post_content`, `visibility`, `created_at`, `updated_at`) VALUES (52, 32, 67, 'Pariatur assumenda aut fugiat perspiciatis tenetur. Id similique quia eius. Cupiditate rerum autem ipsam delectus odit cupiditate. Nesciunt explicabo beatae voluptatibus qui omnis laborum.', '1', '1988-10-27 19:45:03', '1996-01-03 22:18:54');
INSERT INTO `posts` (`id`, `user_id`, `community_id`, `post_content`, `visibility`, `created_at`, `updated_at`) VALUES (53, 30, 12, 'Tenetur soluta sed qui qui perferendis eaque. Maiores deleniti modi est est deleniti. Facere quo error qui reiciendis voluptate consequatur.', '6', '1991-07-15 19:56:10', '1976-11-01 20:08:03');
INSERT INTO `posts` (`id`, `user_id`, `community_id`, `post_content`, `visibility`, `created_at`, `updated_at`) VALUES (54, 21, 77, 'Assumenda vel esse ipsum dicta at dolorum autem. Enim necessitatibus et atque esse molestias error.', '7', '1991-04-12 06:18:36', '2009-07-18 19:18:50');
INSERT INTO `posts` (`id`, `user_id`, `community_id`, `post_content`, `visibility`, `created_at`, `updated_at`) VALUES (55, 34, 92, 'Eum quibusdam maxime iure. Sint id voluptatem ut in ipsam beatae blanditiis possimus. Quae commodi vero placeat similique voluptatum ducimus in dolorem.', '', '1989-11-06 02:38:51', '1991-10-29 21:31:05');
INSERT INTO `posts` (`id`, `user_id`, `community_id`, `post_content`, `visibility`, `created_at`, `updated_at`) VALUES (56, 20, 80, 'Fuga ex et magnam est nihil quo. Ut libero saepe doloremque ducimus. Dolor autem nihil eveniet minima.', '4', '2010-05-02 01:31:06', '1998-12-14 12:05:29');
INSERT INTO `posts` (`id`, `user_id`, `community_id`, `post_content`, `visibility`, `created_at`, `updated_at`) VALUES (57, 99, 88, 'Est quisquam minus est saepe placeat et atque necessitatibus. Ratione eius asperiores est veniam nostrum. Error voluptatem soluta culpa. Dolores est pariatur enim repellendus nihil deserunt non.', '2', '1989-03-03 11:46:08', '1972-03-13 23:12:14');
INSERT INTO `posts` (`id`, `user_id`, `community_id`, `post_content`, `visibility`, `created_at`, `updated_at`) VALUES (58, 91, 21, 'Et fugiat architecto voluptatem. Saepe qui pariatur autem soluta.\nEt nostrum molestias quisquam porro nisi soluta facilis. Fugit doloribus quis qui et temporibus. In est quod illum culpa corporis.', '4', '1977-05-22 23:31:13', '1988-02-24 04:45:56');
INSERT INTO `posts` (`id`, `user_id`, `community_id`, `post_content`, `visibility`, `created_at`, `updated_at`) VALUES (59, 17, 63, 'Qui qui ducimus veritatis consequatur sit laboriosam reprehenderit. Dignissimos excepturi quis eum voluptatum. Incidunt rerum facilis optio et ullam nisi perspiciatis dolorem. Et et ad dolores eos.', '7', '2002-05-27 23:37:13', '1990-07-14 03:52:53');
INSERT INTO `posts` (`id`, `user_id`, `community_id`, `post_content`, `visibility`, `created_at`, `updated_at`) VALUES (60, 86, 60, 'Eligendi nihil debitis enim aut eos. Voluptatum fugiat unde quia aliquam quasi. Quia pariatur eum reprehenderit aut maiores voluptatum qui. Consequatur natus ipsum qui sequi est.', '6', '2007-01-29 03:29:31', '1975-03-09 19:27:01');
INSERT INTO `posts` (`id`, `user_id`, `community_id`, `post_content`, `visibility`, `created_at`, `updated_at`) VALUES (61, 21, 52, 'Quisquam a magni sint. Modi quasi ducimus vitae. Ea nemo quaerat corporis fugiat ipsa nihil.', '5', '1973-10-21 06:04:00', '2011-03-02 12:11:29');
INSERT INTO `posts` (`id`, `user_id`, `community_id`, `post_content`, `visibility`, `created_at`, `updated_at`) VALUES (62, 65, 84, 'Quia dolores delectus non sed repellendus tempore atque. Quis dolores excepturi aperiam dolor esse. Facilis est temporibus similique nostrum odio. Aperiam quo repellendus itaque autem ipsum.', '2', '2004-06-21 19:36:42', '1980-01-27 10:34:38');
INSERT INTO `posts` (`id`, `user_id`, `community_id`, `post_content`, `visibility`, `created_at`, `updated_at`) VALUES (63, 80, 13, 'In ut molestias aut et at nihil aliquid nisi. Dicta quis labore quo. Nisi minus excepturi est consectetur.', '3', '2017-01-29 19:14:09', '2009-01-03 11:17:55');
INSERT INTO `posts` (`id`, `user_id`, `community_id`, `post_content`, `visibility`, `created_at`, `updated_at`) VALUES (64, 44, 33, 'Aut corrupti ut excepturi recusandae. Ut tempore nulla eaque eveniet. Sit doloribus qui et explicabo facere sed quae officia. Ex eum eos temporibus.', '1', '1992-10-05 23:35:34', '1991-06-14 12:57:16');
INSERT INTO `posts` (`id`, `user_id`, `community_id`, `post_content`, `visibility`, `created_at`, `updated_at`) VALUES (65, 23, 67, 'Qui dolorem magni ut sint. Quod accusantium nesciunt provident dignissimos et quisquam. Porro sit quis ut eius quibusdam facere. Ut ex dignissimos vitae ullam.', '', '2004-05-03 19:19:16', '1980-03-13 16:01:18');
INSERT INTO `posts` (`id`, `user_id`, `community_id`, `post_content`, `visibility`, `created_at`, `updated_at`) VALUES (66, 28, 86, 'Culpa recusandae veniam nulla voluptatem aliquam eos non. Maxime et qui natus ea. Quia qui cum totam ea distinctio iste explicabo et. Aut ab similique dignissimos quia est consequuntur.', '8', '2010-07-28 13:58:16', '1997-04-28 02:07:52');
INSERT INTO `posts` (`id`, `user_id`, `community_id`, `post_content`, `visibility`, `created_at`, `updated_at`) VALUES (67, 75, 85, 'Quam et sint nihil ab fugiat. Aspernatur minus saepe explicabo omnis qui velit nesciunt. Quia sed voluptate ut cumque aut.', '7', '2019-08-01 02:49:25', '2017-12-13 17:00:15');
INSERT INTO `posts` (`id`, `user_id`, `community_id`, `post_content`, `visibility`, `created_at`, `updated_at`) VALUES (68, 3, 76, 'Rerum et corporis earum. Totam maxime esse et provident accusantium. Recusandae quibusdam porro eveniet ea explicabo odio.', '9', '1993-04-03 11:53:46', '1970-02-11 08:33:30');
INSERT INTO `posts` (`id`, `user_id`, `community_id`, `post_content`, `visibility`, `created_at`, `updated_at`) VALUES (69, 49, 93, 'Quo modi nihil ad necessitatibus enim. Commodi dolor deserunt sunt officiis et at sunt. Dolore nihil magni ut maxime et sed ipsam. Fuga facere fugit occaecati minus ratione consectetur saepe sit.', '5', '1981-09-30 14:56:20', '1985-04-03 11:05:02');
INSERT INTO `posts` (`id`, `user_id`, `community_id`, `post_content`, `visibility`, `created_at`, `updated_at`) VALUES (70, 23, 79, 'Nostrum iusto quibusdam iste dolore corrupti. Nam molestiae sint provident laborum odit id. Hic numquam et eum sapiente. Molestias perferendis aperiam minus sapiente optio quo quod.', '1', '1981-05-20 16:49:29', '1972-01-15 09:28:49');
INSERT INTO `posts` (`id`, `user_id`, `community_id`, `post_content`, `visibility`, `created_at`, `updated_at`) VALUES (71, 90, 99, 'Maiores commodi a ut et. Qui amet enim est aliquid vel. Quia molestiae harum voluptatem enim.', '6', '2010-04-19 04:17:35', '1977-08-18 01:12:18');
INSERT INTO `posts` (`id`, `user_id`, `community_id`, `post_content`, `visibility`, `created_at`, `updated_at`) VALUES (72, 48, 63, 'Tenetur sit pariatur odit omnis aut ipsam. Natus ad ut inventore optio ipsum impedit. Pariatur placeat et rerum et. Enim iste doloribus vitae in.', '4', '1999-11-25 07:16:31', '2006-09-23 17:56:52');
INSERT INTO `posts` (`id`, `user_id`, `community_id`, `post_content`, `visibility`, `created_at`, `updated_at`) VALUES (73, 73, 43, 'Magni voluptatem saepe facere. Ad at dolorum aliquam iure eum laboriosam. Reiciendis nam quae alias deserunt deserunt qui.', '6', '1995-06-09 12:09:11', '1991-04-01 22:00:28');
INSERT INTO `posts` (`id`, `user_id`, `community_id`, `post_content`, `visibility`, `created_at`, `updated_at`) VALUES (74, 9, 86, 'Neque aut aut omnis. Quisquam quis voluptas eos cupiditate. Sunt ipsa facere et culpa qui qui quod.', '9', '2017-07-29 11:03:54', '1986-07-21 12:52:21');
INSERT INTO `posts` (`id`, `user_id`, `community_id`, `post_content`, `visibility`, `created_at`, `updated_at`) VALUES (75, 21, 9, 'Nemo id necessitatibus odio quia repudiandae reiciendis qui. Nihil accusantium rem hic dolorem.', '5', '2014-06-10 05:26:07', '2011-11-26 08:39:27');
INSERT INTO `posts` (`id`, `user_id`, `community_id`, `post_content`, `visibility`, `created_at`, `updated_at`) VALUES (76, 25, 37, 'Architecto sint eaque inventore sit. Omnis fugit sunt porro qui et nam. Ea necessitatibus quia aut sit odio. Aut et ducimus quo et eum atque.', '4', '2009-01-13 18:58:44', '1988-10-12 11:59:30');
INSERT INTO `posts` (`id`, `user_id`, `community_id`, `post_content`, `visibility`, `created_at`, `updated_at`) VALUES (77, 8, 11, 'Est alias omnis iste. Inventore autem quasi sapiente. Est est vitae at enim. A ratione est animi sunt fugiat officia.', '2', '2003-07-28 08:45:26', '2002-09-25 20:40:40');
INSERT INTO `posts` (`id`, `user_id`, `community_id`, `post_content`, `visibility`, `created_at`, `updated_at`) VALUES (78, 79, 14, 'Ut in doloremque eos labore ut. Quidem id repellat numquam inventore qui temporibus sapiente. Natus qui error hic autem facilis suscipit.', '', '1977-11-07 00:21:22', '1970-01-01 21:51:48');
INSERT INTO `posts` (`id`, `user_id`, `community_id`, `post_content`, `visibility`, `created_at`, `updated_at`) VALUES (79, 71, 62, 'Omnis voluptas totam temporibus odio nihil voluptas. Sapiente nesciunt ad quas nostrum iusto a. Iusto ut rerum dolor velit assumenda.', '9', '1995-08-09 20:42:35', '1975-02-26 22:48:14');
INSERT INTO `posts` (`id`, `user_id`, `community_id`, `post_content`, `visibility`, `created_at`, `updated_at`) VALUES (80, 24, 85, 'Delectus provident quaerat est et porro sunt occaecati. Sit hic ducimus soluta quia voluptate ea necessitatibus et. Quas dicta iusto pariatur tempore rerum aut corporis.', '7', '1986-10-04 03:09:18', '2015-04-08 18:45:38');
INSERT INTO `posts` (`id`, `user_id`, `community_id`, `post_content`, `visibility`, `created_at`, `updated_at`) VALUES (81, 38, 74, 'Neque sit et eum assumenda. Praesentium maiores ducimus in nam. Sapiente enim quibusdam vel minus. Earum omnis rerum earum est deserunt corrupti vero.', '7', '2012-07-18 12:24:19', '2003-06-07 01:49:42');
INSERT INTO `posts` (`id`, `user_id`, `community_id`, `post_content`, `visibility`, `created_at`, `updated_at`) VALUES (82, 2, 22, 'Quis molestiae qui incidunt nobis eos quo. Vel voluptates doloremque similique. Voluptate ut quae aperiam dignissimos explicabo voluptas adipisci. Assumenda et et sed omnis aut.', '3', '1979-08-22 04:37:42', '1970-09-03 01:57:25');
INSERT INTO `posts` (`id`, `user_id`, `community_id`, `post_content`, `visibility`, `created_at`, `updated_at`) VALUES (83, 50, 94, 'Repellendus deserunt velit beatae maxime exercitationem consectetur. Ullam recusandae suscipit maxime qui. Ipsa ea consequatur quia voluptas voluptas ut vel. Dolores non commodi architecto quos.', '7', '1973-10-12 08:32:44', '2021-04-16 06:38:16');
INSERT INTO `posts` (`id`, `user_id`, `community_id`, `post_content`, `visibility`, `created_at`, `updated_at`) VALUES (84, 10, 3, 'Non adipisci ut repellendus rerum doloribus. Assumenda dolores ea ex at sint facilis iste enim. Explicabo suscipit praesentium adipisci.', '6', '2015-06-18 09:34:19', '2006-06-01 15:42:33');
INSERT INTO `posts` (`id`, `user_id`, `community_id`, `post_content`, `visibility`, `created_at`, `updated_at`) VALUES (85, 2, 23, 'Nulla mollitia architecto est nihil ullam qui. Ipsam est a facere. Officia cumque ad non est quo. Excepturi illo doloribus nisi non laboriosam.', '7', '1985-04-06 15:28:13', '1984-02-24 22:49:25');
INSERT INTO `posts` (`id`, `user_id`, `community_id`, `post_content`, `visibility`, `created_at`, `updated_at`) VALUES (86, 62, 48, 'Reprehenderit et sit voluptates quia magnam quibusdam. Et alias non adipisci et. Et quia non amet odit.', '', '1991-01-09 19:25:48', '2021-01-25 04:19:39');
INSERT INTO `posts` (`id`, `user_id`, `community_id`, `post_content`, `visibility`, `created_at`, `updated_at`) VALUES (87, 6, 56, 'Nostrum nam dolorum ad quibusdam recusandae facere nemo. Et neque est molestiae. Numquam velit aspernatur exercitationem voluptatem.', '1', '1983-08-08 06:08:53', '1993-10-08 19:25:01');
INSERT INTO `posts` (`id`, `user_id`, `community_id`, `post_content`, `visibility`, `created_at`, `updated_at`) VALUES (88, 35, 34, 'Voluptas necessitatibus odio et fuga. Fuga aut nihil aperiam cumque labore et nemo. Illo eligendi tempora quia sint. Ipsam et dolore fugiat quibusdam et.', '3', '2016-01-04 12:34:35', '1999-09-14 03:00:59');
INSERT INTO `posts` (`id`, `user_id`, `community_id`, `post_content`, `visibility`, `created_at`, `updated_at`) VALUES (89, 40, 5, 'Ut qui id adipisci qui veniam sint. Similique architecto unde ut eligendi. Aut et quibusdam velit asperiores.', '9', '1972-08-29 09:43:35', '1982-01-29 07:03:46');
INSERT INTO `posts` (`id`, `user_id`, `community_id`, `post_content`, `visibility`, `created_at`, `updated_at`) VALUES (90, 37, 29, 'Ad earum tenetur numquam labore quaerat quia. Sed iusto reprehenderit expedita fugit debitis exercitationem animi porro.', '7', '1976-09-13 13:27:19', '2000-08-04 08:58:58');
INSERT INTO `posts` (`id`, `user_id`, `community_id`, `post_content`, `visibility`, `created_at`, `updated_at`) VALUES (91, 11, 66, 'Itaque ut minima earum rerum commodi. Quis perferendis dolorem amet vel aspernatur aut. Quam culpa aut cupiditate. Rerum esse voluptates suscipit qui omnis.', '5', '2016-08-18 01:01:03', '2003-01-01 21:55:28');
INSERT INTO `posts` (`id`, `user_id`, `community_id`, `post_content`, `visibility`, `created_at`, `updated_at`) VALUES (92, 84, 67, 'Possimus et ipsa illum quaerat illo. Consequuntur voluptate maiores et est eum maiores ipsum. Vel eos numquam velit.', '7', '1990-06-12 12:27:33', '1987-11-07 12:48:39');
INSERT INTO `posts` (`id`, `user_id`, `community_id`, `post_content`, `visibility`, `created_at`, `updated_at`) VALUES (93, 19, 16, 'Tenetur enim nam voluptatem sed modi. Temporibus nulla suscipit atque cupiditate ut qui. Consequatur rem consequuntur odio qui voluptatum.', '6', '1985-02-16 23:23:40', '2014-01-18 08:06:38');
INSERT INTO `posts` (`id`, `user_id`, `community_id`, `post_content`, `visibility`, `created_at`, `updated_at`) VALUES (94, 96, 25, 'Qui eveniet accusantium praesentium sed. Fugiat qui omnis vero dolore placeat. Rerum sequi perspiciatis rerum maxime voluptatem qui accusamus. Expedita est autem natus qui minus cum.', '6', '1988-08-07 01:03:05', '1984-08-27 21:17:22');
INSERT INTO `posts` (`id`, `user_id`, `community_id`, `post_content`, `visibility`, `created_at`, `updated_at`) VALUES (95, 59, 27, 'At id enim perferendis qui laudantium. Et saepe consequatur rem quis ad ut quia libero. Eos enim sed illum et omnis et. Est eius veniam consectetur ducimus quaerat. Ea est voluptas ipsa.', '9', '2011-03-22 09:15:00', '1973-11-16 15:20:56');
INSERT INTO `posts` (`id`, `user_id`, `community_id`, `post_content`, `visibility`, `created_at`, `updated_at`) VALUES (96, 30, 88, 'Exercitationem ea ipsam veniam sunt ullam. Minus et officia assumenda dolores omnis. Rerum nam alias quo tenetur asperiores animi doloribus. Eos quae amet culpa veritatis voluptatibus sit omnis.', '3', '2012-09-27 16:22:39', '1979-03-27 04:50:17');
INSERT INTO `posts` (`id`, `user_id`, `community_id`, `post_content`, `visibility`, `created_at`, `updated_at`) VALUES (97, 37, 94, 'Voluptas est optio quasi totam. Dolore vitae aut aut ipsa ipsam. Labore omnis molestias quia libero laborum qui. Itaque praesentium laudantium et id reprehenderit delectus nulla.', '9', '1973-04-24 12:53:02', '1994-01-27 12:39:18');
INSERT INTO `posts` (`id`, `user_id`, `community_id`, `post_content`, `visibility`, `created_at`, `updated_at`) VALUES (98, 54, 29, 'Est beatae non sed optio est ea est. Illo sed laborum repudiandae. Enim perferendis doloremque ipsum eos est. Unde quo laboriosam eaque sed aspernatur consequatur. In voluptas est qui.', '2', '2013-10-12 06:41:41', '1996-12-26 04:11:45');
INSERT INTO `posts` (`id`, `user_id`, `community_id`, `post_content`, `visibility`, `created_at`, `updated_at`) VALUES (99, 85, 68, 'Nisi deleniti facere molestias recusandae iure. Corrupti qui dolor laboriosam ut non vero dicta. Qui laboriosam tenetur quaerat a qui asperiores. Sed ipsa sit est quidem minus ea.', '3', '1996-04-27 22:10:47', '1988-09-25 08:13:00');
INSERT INTO `posts` (`id`, `user_id`, `community_id`, `post_content`, `visibility`, `created_at`, `updated_at`) VALUES (100, 77, 4, 'Enim modi quasi itaque illum aliquid eum quis. Asperiores id reprehenderit est occaecati rem a consequatur. Unde accusamus delectus nesciunt dolores ut. Aut et nobis nisi qui molestias.', '5', '2011-05-06 23:07:59', '1976-02-22 08:41:07');

-- Заполнение таблицы Media_types--
INSERT INTO `media_types` (`name`) VALUES ('');
INSERT INTO `media_types` (`name`) VALUES ('1');
INSERT INTO `media_types` (`name`) VALUES ('2');
INSERT INTO `media_types` (`name`) VALUES ('3');
INSERT INTO `media_types` (`name`) VALUES ('4');
INSERT INTO `media_types` (`name`) VALUES ('5');
INSERT INTO `media_types` (`name`) VALUES ('6');
INSERT INTO `media_types` (`name`) VALUES ('7');
INSERT INTO `media_types` (`name`) VALUES ('8');
INSERT INTO `media_types` (`name`) VALUES ('9');

-- Заполнение таблицы Media--
INSERT INTO `media` (`id`, `media_type`, `link`, `created_at`, `updated_at`) VALUES (1, '8', 'http://www.jastlittel.com/', '1972-11-26 06:19:34', '1999-12-18 19:37:29');
INSERT INTO `media` (`id`, `media_type`, `link`, `created_at`, `updated_at`) VALUES (2, '4', 'http://beier.org/', '2020-08-22 22:28:07', '2016-09-30 16:50:32');
INSERT INTO `media` (`id`, `media_type`, `link`, `created_at`, `updated_at`) VALUES (3, '2', 'http://mccullough.com/', '1986-11-25 07:49:59', '2008-02-19 23:20:07');
INSERT INTO `media` (`id`, `media_type`, `link`, `created_at`, `updated_at`) VALUES (4, '', 'http://farrellkeeling.com/', '1970-11-29 10:27:00', '2004-06-10 16:21:43');
INSERT INTO `media` (`id`, `media_type`, `link`, `created_at`, `updated_at`) VALUES (5, '8', 'http://carter.com/', '1984-01-22 02:36:06', '2020-10-09 00:07:56');
INSERT INTO `media` (`id`, `media_type`, `link`, `created_at`, `updated_at`) VALUES (6, '6', 'http://www.armstrong.com/', '1990-02-05 19:42:52', '1997-08-27 00:31:31');
INSERT INTO `media` (`id`, `media_type`, `link`, `created_at`, `updated_at`) VALUES (7, '2', 'http://www.schmitt.info/', '2013-01-02 17:11:21', '1991-01-04 04:43:49');
INSERT INTO `media` (`id`, `media_type`, `link`, `created_at`, `updated_at`) VALUES (8, '', 'http://schroederschimmel.com/', '1983-07-14 04:02:53', '2008-04-05 14:56:33');
INSERT INTO `media` (`id`, `media_type`, `link`, `created_at`, `updated_at`) VALUES (9, '', 'http://www.robellockman.com/', '2009-02-08 13:42:31', '1978-09-13 21:00:50');
INSERT INTO `media` (`id`, `media_type`, `link`, `created_at`, `updated_at`) VALUES (10, '2', 'http://beier.com/', '2002-03-19 08:49:33', '2003-02-22 03:53:38');
INSERT INTO `media` (`id`, `media_type`, `link`, `created_at`, `updated_at`) VALUES (11, '2', 'http://veum.com/', '1987-06-24 16:55:35', '1976-12-10 02:25:37');
INSERT INTO `media` (`id`, `media_type`, `link`, `created_at`, `updated_at`) VALUES (12, '9', 'http://hettingerbreitenberg.info/', '2013-05-22 04:38:10', '2001-02-04 10:19:01');
INSERT INTO `media` (`id`, `media_type`, `link`, `created_at`, `updated_at`) VALUES (13, '7', 'http://rodriguezzemlak.biz/', '1977-01-01 12:24:33', '1975-09-07 07:55:09');
INSERT INTO `media` (`id`, `media_type`, `link`, `created_at`, `updated_at`) VALUES (14, '2', 'http://www.blickcorwin.com/', '1999-01-14 08:07:51', '1984-01-16 02:17:18');
INSERT INTO `media` (`id`, `media_type`, `link`, `created_at`, `updated_at`) VALUES (15, '5', 'http://hartmann.com/', '2016-03-23 22:53:21', '1970-12-24 21:13:04');
INSERT INTO `media` (`id`, `media_type`, `link`, `created_at`, `updated_at`) VALUES (16, '8', 'http://runolfsdottir.com/', '1997-01-04 16:31:07', '1972-10-06 17:55:44');
INSERT INTO `media` (`id`, `media_type`, `link`, `created_at`, `updated_at`) VALUES (17, '9', 'http://www.mosciskilynch.com/', '1992-01-26 13:27:02', '2015-11-02 17:41:40');
INSERT INTO `media` (`id`, `media_type`, `link`, `created_at`, `updated_at`) VALUES (18, '4', 'http://www.connellybeer.biz/', '1991-01-22 15:17:28', '2017-12-15 05:39:42');
INSERT INTO `media` (`id`, `media_type`, `link`, `created_at`, `updated_at`) VALUES (19, '2', 'http://boyergrant.biz/', '1981-03-11 08:32:40', '1986-12-10 03:10:15');
INSERT INTO `media` (`id`, `media_type`, `link`, `created_at`, `updated_at`) VALUES (20, '4', 'http://wolffharber.info/', '2021-01-31 21:21:28', '2011-10-14 05:21:03');
INSERT INTO `media` (`id`, `media_type`, `link`, `created_at`, `updated_at`) VALUES (21, '4', 'http://crona.info/', '2011-07-06 20:47:34', '2010-06-12 11:19:24');
INSERT INTO `media` (`id`, `media_type`, `link`, `created_at`, `updated_at`) VALUES (22, '5', 'http://www.schuppe.com/', '2013-07-03 20:37:44', '1972-06-11 04:42:48');
INSERT INTO `media` (`id`, `media_type`, `link`, `created_at`, `updated_at`) VALUES (23, '7', 'http://stracke.com/', '2014-02-13 04:37:57', '1995-10-06 17:14:36');
INSERT INTO `media` (`id`, `media_type`, `link`, `created_at`, `updated_at`) VALUES (24, '8', 'http://raynor.com/', '2017-10-09 06:54:49', '1978-03-01 22:40:25');
INSERT INTO `media` (`id`, `media_type`, `link`, `created_at`, `updated_at`) VALUES (25, '9', 'http://www.kuhic.info/', '1998-11-22 22:21:23', '2007-05-16 01:04:03');
INSERT INTO `media` (`id`, `media_type`, `link`, `created_at`, `updated_at`) VALUES (26, '2', 'http://volkmandare.com/', '2017-01-14 05:59:31', '2005-02-18 05:18:44');
INSERT INTO `media` (`id`, `media_type`, `link`, `created_at`, `updated_at`) VALUES (27, '1', 'http://www.treutel.com/', '1984-06-16 23:01:10', '1990-07-22 06:03:40');
INSERT INTO `media` (`id`, `media_type`, `link`, `created_at`, `updated_at`) VALUES (28, '3', 'http://schiller.com/', '1982-08-06 13:20:39', '2006-07-30 05:55:41');
INSERT INTO `media` (`id`, `media_type`, `link`, `created_at`, `updated_at`) VALUES (29, '4', 'http://marksbuckridge.com/', '1991-03-29 04:29:41', '2008-02-18 03:48:24');
INSERT INTO `media` (`id`, `media_type`, `link`, `created_at`, `updated_at`) VALUES (30, '8', 'http://www.greenfelder.com/', '1983-09-24 10:24:44', '1998-07-13 01:08:59');
INSERT INTO `media` (`id`, `media_type`, `link`, `created_at`, `updated_at`) VALUES (31, '6', 'http://ratke.com/', '1996-12-04 01:05:50', '1986-03-26 05:20:41');
INSERT INTO `media` (`id`, `media_type`, `link`, `created_at`, `updated_at`) VALUES (32, '3', 'http://mante.com/', '1980-11-08 16:13:40', '2018-01-14 00:05:10');
INSERT INTO `media` (`id`, `media_type`, `link`, `created_at`, `updated_at`) VALUES (33, '3', 'http://klocko.org/', '1972-05-19 01:13:35', '2003-08-22 20:36:34');
INSERT INTO `media` (`id`, `media_type`, `link`, `created_at`, `updated_at`) VALUES (34, '8', 'http://parisian.info/', '2009-09-08 06:50:55', '1984-05-18 22:48:06');
INSERT INTO `media` (`id`, `media_type`, `link`, `created_at`, `updated_at`) VALUES (35, '3', 'http://www.stromankub.org/', '2011-04-13 19:55:16', '2012-05-13 04:26:50');
INSERT INTO `media` (`id`, `media_type`, `link`, `created_at`, `updated_at`) VALUES (36, '1', 'http://effertzbayer.com/', '2009-12-02 22:28:39', '2002-08-04 19:22:59');
INSERT INTO `media` (`id`, `media_type`, `link`, `created_at`, `updated_at`) VALUES (37, '5', 'http://www.lehnerkoss.com/', '1975-05-25 12:26:02', '1974-09-23 05:49:24');
INSERT INTO `media` (`id`, `media_type`, `link`, `created_at`, `updated_at`) VALUES (38, '6', 'http://stamm.com/', '1973-08-15 07:13:05', '1979-11-09 07:07:56');
INSERT INTO `media` (`id`, `media_type`, `link`, `created_at`, `updated_at`) VALUES (39, '2', 'http://www.watsica.com/', '1997-06-13 13:44:06', '1992-10-25 00:39:02');
INSERT INTO `media` (`id`, `media_type`, `link`, `created_at`, `updated_at`) VALUES (40, '6', 'http://www.oconnell.com/', '1982-11-04 15:59:20', '1985-10-30 00:25:31');
INSERT INTO `media` (`id`, `media_type`, `link`, `created_at`, `updated_at`) VALUES (41, '9', 'http://www.lind.com/', '1973-08-01 06:49:13', '2003-07-02 01:46:02');
INSERT INTO `media` (`id`, `media_type`, `link`, `created_at`, `updated_at`) VALUES (42, '4', 'http://spencer.net/', '1998-03-15 16:35:16', '2013-03-20 05:59:39');
INSERT INTO `media` (`id`, `media_type`, `link`, `created_at`, `updated_at`) VALUES (43, '5', 'http://rueckerstrosin.com/', '1989-01-11 18:07:55', '1973-03-15 13:13:35');
INSERT INTO `media` (`id`, `media_type`, `link`, `created_at`, `updated_at`) VALUES (44, '6', 'http://heathcote.com/', '1994-05-21 15:42:44', '1991-09-08 17:28:03');
INSERT INTO `media` (`id`, `media_type`, `link`, `created_at`, `updated_at`) VALUES (45, '7', 'http://www.connelly.com/', '2020-03-11 08:36:06', '1980-09-11 22:17:52');
INSERT INTO `media` (`id`, `media_type`, `link`, `created_at`, `updated_at`) VALUES (46, '1', 'http://paucekgrant.com/', '2005-11-01 08:51:01', '1974-01-09 00:24:44');
INSERT INTO `media` (`id`, `media_type`, `link`, `created_at`, `updated_at`) VALUES (47, '4', 'http://strosin.org/', '1975-04-22 17:18:05', '2011-09-04 04:02:42');
INSERT INTO `media` (`id`, `media_type`, `link`, `created_at`, `updated_at`) VALUES (48, '6', 'http://bodestamm.com/', '2002-09-25 15:39:38', '2006-10-08 23:42:52');
INSERT INTO `media` (`id`, `media_type`, `link`, `created_at`, `updated_at`) VALUES (49, '5', 'http://www.watersglover.com/', '1994-08-30 23:54:49', '2000-10-18 06:13:06');
INSERT INTO `media` (`id`, `media_type`, `link`, `created_at`, `updated_at`) VALUES (50, '7', 'http://dooley.net/', '1974-09-28 05:50:35', '2014-12-09 09:34:10');
INSERT INTO `media` (`id`, `media_type`, `link`, `created_at`, `updated_at`) VALUES (51, '1', 'http://jerde.biz/', '1976-06-07 13:17:46', '1986-08-27 16:58:37');
INSERT INTO `media` (`id`, `media_type`, `link`, `created_at`, `updated_at`) VALUES (52, '', 'http://www.lowe.com/', '1987-09-18 22:44:59', '2001-11-09 10:24:47');
INSERT INTO `media` (`id`, `media_type`, `link`, `created_at`, `updated_at`) VALUES (53, '2', 'http://larson.com/', '1988-11-02 14:28:29', '2007-06-26 23:49:49');
INSERT INTO `media` (`id`, `media_type`, `link`, `created_at`, `updated_at`) VALUES (54, '8', 'http://www.gutkowskilehner.biz/', '2007-09-09 00:20:08', '1985-05-26 02:53:39');
INSERT INTO `media` (`id`, `media_type`, `link`, `created_at`, `updated_at`) VALUES (55, '8', 'http://www.stark.com/', '2002-11-20 10:57:51', '2013-05-22 18:05:16');
INSERT INTO `media` (`id`, `media_type`, `link`, `created_at`, `updated_at`) VALUES (56, '1', 'http://www.smith.biz/', '2011-07-27 21:01:23', '1972-05-24 05:10:22');
INSERT INTO `media` (`id`, `media_type`, `link`, `created_at`, `updated_at`) VALUES (57, '', 'http://ritchierunolfsdottir.com/', '2018-02-20 05:40:24', '2002-09-10 02:38:33');
INSERT INTO `media` (`id`, `media_type`, `link`, `created_at`, `updated_at`) VALUES (58, '', 'http://gloverboehm.biz/', '1986-02-23 10:07:32', '1974-06-12 03:21:47');
INSERT INTO `media` (`id`, `media_type`, `link`, `created_at`, `updated_at`) VALUES (59, '5', 'http://www.breitenbergcruickshank.net/', '1975-06-02 02:33:24', '2000-04-27 09:49:36');
INSERT INTO `media` (`id`, `media_type`, `link`, `created_at`, `updated_at`) VALUES (60, '4', 'http://gislasonhermiston.info/', '1976-07-30 10:55:11', '2015-05-15 14:05:19');
INSERT INTO `media` (`id`, `media_type`, `link`, `created_at`, `updated_at`) VALUES (61, '9', 'http://www.moore.com/', '1988-04-26 15:27:41', '1994-07-26 22:45:20');
INSERT INTO `media` (`id`, `media_type`, `link`, `created_at`, `updated_at`) VALUES (62, '1', 'http://witting.com/', '1977-12-16 15:04:16', '2017-04-13 15:20:14');
INSERT INTO `media` (`id`, `media_type`, `link`, `created_at`, `updated_at`) VALUES (63, '8', 'http://blickgerhold.com/', '2000-12-08 22:29:54', '2002-03-18 08:29:02');
INSERT INTO `media` (`id`, `media_type`, `link`, `created_at`, `updated_at`) VALUES (64, '2', 'http://rowe.biz/', '1988-12-10 10:23:14', '2013-11-30 19:18:46');
INSERT INTO `media` (`id`, `media_type`, `link`, `created_at`, `updated_at`) VALUES (65, '', 'http://www.lednergibson.org/', '1972-02-11 15:20:52', '2013-02-04 16:05:27');
INSERT INTO `media` (`id`, `media_type`, `link`, `created_at`, `updated_at`) VALUES (66, '1', 'http://www.shields.com/', '1978-08-18 01:28:55', '2021-02-27 19:09:31');
INSERT INTO `media` (`id`, `media_type`, `link`, `created_at`, `updated_at`) VALUES (67, '4', 'http://www.kunde.com/', '1988-08-01 01:43:56', '1979-03-14 04:12:43');
INSERT INTO `media` (`id`, `media_type`, `link`, `created_at`, `updated_at`) VALUES (68, '6', 'http://www.legros.com/', '1985-01-07 13:51:52', '1988-05-21 09:08:25');
INSERT INTO `media` (`id`, `media_type`, `link`, `created_at`, `updated_at`) VALUES (69, '7', 'http://deckow.com/', '1997-02-25 13:58:37', '2000-11-28 08:00:24');
INSERT INTO `media` (`id`, `media_type`, `link`, `created_at`, `updated_at`) VALUES (70, '7', 'http://mann.com/', '2010-10-27 07:59:12', '1980-06-07 05:57:43');
INSERT INTO `media` (`id`, `media_type`, `link`, `created_at`, `updated_at`) VALUES (71, '2', 'http://www.koelpinhagenes.com/', '1972-07-15 02:51:22', '2013-08-24 03:40:45');
INSERT INTO `media` (`id`, `media_type`, `link`, `created_at`, `updated_at`) VALUES (72, '6', 'http://www.jacobistark.com/', '1973-09-19 15:21:14', '1973-08-28 20:59:48');
INSERT INTO `media` (`id`, `media_type`, `link`, `created_at`, `updated_at`) VALUES (73, '2', 'http://www.green.com/', '1986-08-05 23:16:16', '1979-12-29 00:18:32');
INSERT INTO `media` (`id`, `media_type`, `link`, `created_at`, `updated_at`) VALUES (74, '8', 'http://doyle.com/', '1989-06-06 06:21:26', '1974-02-03 05:12:00');
INSERT INTO `media` (`id`, `media_type`, `link`, `created_at`, `updated_at`) VALUES (75, '2', 'http://lindcarroll.com/', '1979-05-31 02:26:15', '1988-10-28 03:10:40');
INSERT INTO `media` (`id`, `media_type`, `link`, `created_at`, `updated_at`) VALUES (76, '9', 'http://murrayweimann.com/', '2018-07-02 19:05:30', '2009-12-31 22:02:07');
INSERT INTO `media` (`id`, `media_type`, `link`, `created_at`, `updated_at`) VALUES (77, '', 'http://gradycruickshank.com/', '1983-01-09 00:52:33', '1999-01-08 12:58:42');
INSERT INTO `media` (`id`, `media_type`, `link`, `created_at`, `updated_at`) VALUES (78, '7', 'http://www.schinner.org/', '1979-06-02 15:49:49', '1982-04-23 12:42:41');
INSERT INTO `media` (`id`, `media_type`, `link`, `created_at`, `updated_at`) VALUES (79, '6', 'http://www.olson.com/', '1991-10-19 03:55:22', '2016-01-27 09:29:01');
INSERT INTO `media` (`id`, `media_type`, `link`, `created_at`, `updated_at`) VALUES (80, '5', 'http://www.beatty.com/', '1991-09-10 09:06:03', '2001-12-03 18:58:03');
INSERT INTO `media` (`id`, `media_type`, `link`, `created_at`, `updated_at`) VALUES (81, '4', 'http://kshlerincremin.com/', '1978-11-09 00:29:53', '1982-03-26 03:14:16');
INSERT INTO `media` (`id`, `media_type`, `link`, `created_at`, `updated_at`) VALUES (82, '7', 'http://www.collierlind.com/', '1988-05-22 03:36:07', '2010-02-16 15:40:16');
INSERT INTO `media` (`id`, `media_type`, `link`, `created_at`, `updated_at`) VALUES (83, '6', 'http://www.altenwerth.com/', '2001-03-04 14:18:35', '2012-12-16 03:56:24');
INSERT INTO `media` (`id`, `media_type`, `link`, `created_at`, `updated_at`) VALUES (84, '7', 'http://www.gusikowskimonahan.com/', '1974-05-13 18:52:40', '2011-04-05 04:44:43');
INSERT INTO `media` (`id`, `media_type`, `link`, `created_at`, `updated_at`) VALUES (85, '6', 'http://blick.com/', '2013-12-11 08:02:25', '1972-12-19 03:37:05');
INSERT INTO `media` (`id`, `media_type`, `link`, `created_at`, `updated_at`) VALUES (86, '5', 'http://oberbrunner.com/', '2001-03-27 23:24:30', '1970-06-12 15:14:03');
INSERT INTO `media` (`id`, `media_type`, `link`, `created_at`, `updated_at`) VALUES (87, '8', 'http://www.kreigernolan.com/', '2018-07-13 16:21:58', '1996-01-09 18:01:31');
INSERT INTO `media` (`id`, `media_type`, `link`, `created_at`, `updated_at`) VALUES (88, '6', 'http://wintheiser.biz/', '2016-12-28 10:46:41', '2015-11-24 16:52:30');
INSERT INTO `media` (`id`, `media_type`, `link`, `created_at`, `updated_at`) VALUES (89, '5', 'http://simonis.com/', '2010-05-01 02:07:20', '1992-09-13 09:02:28');
INSERT INTO `media` (`id`, `media_type`, `link`, `created_at`, `updated_at`) VALUES (90, '4', 'http://www.veum.info/', '1980-05-11 21:22:34', '1998-03-23 18:24:37');
INSERT INTO `media` (`id`, `media_type`, `link`, `created_at`, `updated_at`) VALUES (91, '1', 'http://roobkunde.com/', '1995-06-08 21:04:36', '2008-03-11 23:31:06');
INSERT INTO `media` (`id`, `media_type`, `link`, `created_at`, `updated_at`) VALUES (92, '4', 'http://www.baileylubowitz.com/', '1980-03-15 19:47:27', '1984-03-22 04:19:16');
INSERT INTO `media` (`id`, `media_type`, `link`, `created_at`, `updated_at`) VALUES (93, '6', 'http://www.lindgrendach.com/', '1976-07-26 21:03:37', '2012-08-12 18:41:18');
INSERT INTO `media` (`id`, `media_type`, `link`, `created_at`, `updated_at`) VALUES (94, '9', 'http://stroman.com/', '1977-04-26 02:51:38', '1981-06-02 10:14:52');
INSERT INTO `media` (`id`, `media_type`, `link`, `created_at`, `updated_at`) VALUES (95, '7', 'http://www.bartell.com/', '1985-08-29 18:45:20', '1973-10-23 05:40:05');
INSERT INTO `media` (`id`, `media_type`, `link`, `created_at`, `updated_at`) VALUES (96, '6', 'http://gutkowskishanahan.info/', '2017-06-23 08:25:07', '1980-04-10 01:33:43');
INSERT INTO `media` (`id`, `media_type`, `link`, `created_at`, `updated_at`) VALUES (97, '', 'http://corkeryferry.org/', '1997-12-28 21:18:47', '1984-07-28 16:20:12');
INSERT INTO `media` (`id`, `media_type`, `link`, `created_at`, `updated_at`) VALUES (98, '1', 'http://www.bogisich.net/', '2019-11-04 17:43:34', '2015-02-25 07:04:22');
INSERT INTO `media` (`id`, `media_type`, `link`, `created_at`, `updated_at`) VALUES (99, '3', 'http://ondrickazemlak.biz/', '2007-12-18 10:45:05', '2015-01-12 09:16:36');
INSERT INTO `media` (`id`, `media_type`, `link`, `created_at`, `updated_at`) VALUES (100, '8', 'http://murraykunze.org/', '2014-12-12 19:29:24', '2020-02-01 15:42:26');

-- Заполнение таблицы Posts_media--
INSERT INTO `posts_media` (`post_id`, `media_id`, `created_at`, `updated_at`) VALUES (1, 10, '2016-04-06 23:47:24', '2005-08-20 14:29:10');
INSERT INTO `posts_media` (`post_id`, `media_id`, `created_at`, `updated_at`) VALUES (3, 24, '1994-08-09 10:24:40', '1975-08-28 17:42:24');
INSERT INTO `posts_media` (`post_id`, `media_id`, `created_at`, `updated_at`) VALUES (3, 63, '2013-07-11 00:27:07', '1984-02-24 09:34:30');
INSERT INTO `posts_media` (`post_id`, `media_id`, `created_at`, `updated_at`) VALUES (4, 84, '2013-10-25 09:26:09', '1972-05-02 11:12:47');
INSERT INTO `posts_media` (`post_id`, `media_id`, `created_at`, `updated_at`) VALUES (5, 15, '2013-10-15 04:26:10', '1974-03-14 11:38:52');
INSERT INTO `posts_media` (`post_id`, `media_id`, `created_at`, `updated_at`) VALUES (6, 3, '1988-06-24 08:58:59', '2007-10-24 06:03:04');
INSERT INTO `posts_media` (`post_id`, `media_id`, `created_at`, `updated_at`) VALUES (6, 93, '1997-02-26 03:04:17', '1999-03-31 20:03:52');
INSERT INTO `posts_media` (`post_id`, `media_id`, `created_at`, `updated_at`) VALUES (7, 25, '2006-08-19 11:50:38', '2009-05-11 19:38:47');
INSERT INTO `posts_media` (`post_id`, `media_id`, `created_at`, `updated_at`) VALUES (7, 53, '1991-11-21 23:05:48', '2014-11-26 08:05:45');
INSERT INTO `posts_media` (`post_id`, `media_id`, `created_at`, `updated_at`) VALUES (9, 12, '1977-09-07 04:05:04', '1978-08-09 13:52:48');
INSERT INTO `posts_media` (`post_id`, `media_id`, `created_at`, `updated_at`) VALUES (9, 68, '1982-07-31 21:49:14', '2003-07-16 11:28:21');
INSERT INTO `posts_media` (`post_id`, `media_id`, `created_at`, `updated_at`) VALUES (11, 16, '1970-05-05 02:14:44', '2008-09-26 08:12:44');
INSERT INTO `posts_media` (`post_id`, `media_id`, `created_at`, `updated_at`) VALUES (12, 68, '1995-01-07 19:08:11', '2001-04-25 18:02:10');
INSERT INTO `posts_media` (`post_id`, `media_id`, `created_at`, `updated_at`) VALUES (13, 26, '1979-09-20 12:36:50', '2013-03-22 07:15:50');
INSERT INTO `posts_media` (`post_id`, `media_id`, `created_at`, `updated_at`) VALUES (14, 79, '1992-10-14 22:41:05', '1984-06-20 08:52:34');
INSERT INTO `posts_media` (`post_id`, `media_id`, `created_at`, `updated_at`) VALUES (15, 70, '2019-04-03 06:27:47', '2011-03-03 00:26:25');
INSERT INTO `posts_media` (`post_id`, `media_id`, `created_at`, `updated_at`) VALUES (16, 24, '1995-09-16 01:43:57', '1982-03-14 19:13:35');
INSERT INTO `posts_media` (`post_id`, `media_id`, `created_at`, `updated_at`) VALUES (17, 77, '2010-06-10 11:03:43', '1985-06-10 04:28:47');
INSERT INTO `posts_media` (`post_id`, `media_id`, `created_at`, `updated_at`) VALUES (19, 17, '1990-07-10 00:51:52', '1981-01-11 13:52:46');
INSERT INTO `posts_media` (`post_id`, `media_id`, `created_at`, `updated_at`) VALUES (19, 95, '1991-01-04 21:36:31', '1972-01-01 18:53:51');
INSERT INTO `posts_media` (`post_id`, `media_id`, `created_at`, `updated_at`) VALUES (21, 4, '1990-09-26 03:43:38', '1990-01-11 17:26:30');
INSERT INTO `posts_media` (`post_id`, `media_id`, `created_at`, `updated_at`) VALUES (22, 15, '2010-10-12 00:04:10', '1987-03-24 11:52:47');
INSERT INTO `posts_media` (`post_id`, `media_id`, `created_at`, `updated_at`) VALUES (23, 54, '1996-10-11 11:21:52', '1989-04-19 12:41:06');
INSERT INTO `posts_media` (`post_id`, `media_id`, `created_at`, `updated_at`) VALUES (25, 1, '2014-09-21 20:50:43', '1971-10-16 04:33:41');
INSERT INTO `posts_media` (`post_id`, `media_id`, `created_at`, `updated_at`) VALUES (25, 23, '1975-09-12 16:18:48', '2017-08-20 22:00:15');
INSERT INTO `posts_media` (`post_id`, `media_id`, `created_at`, `updated_at`) VALUES (25, 30, '1978-04-06 03:38:34', '2015-10-20 03:56:15');
INSERT INTO `posts_media` (`post_id`, `media_id`, `created_at`, `updated_at`) VALUES (25, 33, '1989-03-23 23:14:19', '1995-09-15 11:12:09');
INSERT INTO `posts_media` (`post_id`, `media_id`, `created_at`, `updated_at`) VALUES (26, 51, '2001-05-17 14:06:40', '1976-11-15 09:31:24');
INSERT INTO `posts_media` (`post_id`, `media_id`, `created_at`, `updated_at`) VALUES (26, 89, '2020-03-15 23:13:14', '2006-05-17 10:19:54');
INSERT INTO `posts_media` (`post_id`, `media_id`, `created_at`, `updated_at`) VALUES (29, 10, '1995-03-08 02:30:56', '1980-08-15 14:59:11');
INSERT INTO `posts_media` (`post_id`, `media_id`, `created_at`, `updated_at`) VALUES (29, 28, '2015-03-27 18:47:08', '1985-11-12 14:34:37');
INSERT INTO `posts_media` (`post_id`, `media_id`, `created_at`, `updated_at`) VALUES (31, 14, '2018-08-05 16:32:15', '1974-04-23 05:29:40');
INSERT INTO `posts_media` (`post_id`, `media_id`, `created_at`, `updated_at`) VALUES (31, 64, '1991-04-26 20:31:04', '2000-08-06 16:41:58');
INSERT INTO `posts_media` (`post_id`, `media_id`, `created_at`, `updated_at`) VALUES (32, 94, '2021-01-05 07:16:50', '1977-02-28 21:53:56');
INSERT INTO `posts_media` (`post_id`, `media_id`, `created_at`, `updated_at`) VALUES (33, 8, '2001-01-06 11:24:32', '1978-02-19 11:47:34');
INSERT INTO `posts_media` (`post_id`, `media_id`, `created_at`, `updated_at`) VALUES (33, 34, '1975-02-01 01:30:04', '1997-12-17 10:51:42');
INSERT INTO `posts_media` (`post_id`, `media_id`, `created_at`, `updated_at`) VALUES (33, 36, '2020-11-20 15:00:08', '2002-06-03 17:01:43');
INSERT INTO `posts_media` (`post_id`, `media_id`, `created_at`, `updated_at`) VALUES (33, 85, '1997-02-16 04:38:38', '1971-06-18 13:15:22');
INSERT INTO `posts_media` (`post_id`, `media_id`, `created_at`, `updated_at`) VALUES (34, 85, '1971-07-22 05:57:38', '1977-01-05 20:55:00');
INSERT INTO `posts_media` (`post_id`, `media_id`, `created_at`, `updated_at`) VALUES (34, 96, '1971-08-10 23:21:56', '1995-01-25 20:03:00');
INSERT INTO `posts_media` (`post_id`, `media_id`, `created_at`, `updated_at`) VALUES (37, 56, '1976-04-07 14:21:13', '2005-10-14 18:52:15');
INSERT INTO `posts_media` (`post_id`, `media_id`, `created_at`, `updated_at`) VALUES (38, 1, '2015-03-04 15:24:06', '1982-06-29 17:09:33');
INSERT INTO `posts_media` (`post_id`, `media_id`, `created_at`, `updated_at`) VALUES (38, 4, '2017-11-07 17:39:09', '2003-09-27 05:15:57');
INSERT INTO `posts_media` (`post_id`, `media_id`, `created_at`, `updated_at`) VALUES (38, 5, '1977-12-15 18:00:56', '1991-10-04 04:07:48');
INSERT INTO `posts_media` (`post_id`, `media_id`, `created_at`, `updated_at`) VALUES (38, 6, '1984-02-17 05:05:43', '2010-07-15 20:02:59');
INSERT INTO `posts_media` (`post_id`, `media_id`, `created_at`, `updated_at`) VALUES (38, 61, '2017-01-02 06:11:35', '2011-12-19 22:37:36');
INSERT INTO `posts_media` (`post_id`, `media_id`, `created_at`, `updated_at`) VALUES (40, 24, '2014-07-14 03:39:28', '1975-07-23 06:25:55');
INSERT INTO `posts_media` (`post_id`, `media_id`, `created_at`, `updated_at`) VALUES (42, 54, '1999-05-21 15:50:53', '1986-12-14 19:42:16');
INSERT INTO `posts_media` (`post_id`, `media_id`, `created_at`, `updated_at`) VALUES (45, 57, '1985-10-25 04:21:25', '2009-09-24 02:08:46');
INSERT INTO `posts_media` (`post_id`, `media_id`, `created_at`, `updated_at`) VALUES (48, 29, '2006-01-01 01:13:03', '1988-08-21 07:16:18');
INSERT INTO `posts_media` (`post_id`, `media_id`, `created_at`, `updated_at`) VALUES (49, 23, '1972-09-04 18:11:37', '1998-05-26 08:40:23');
INSERT INTO `posts_media` (`post_id`, `media_id`, `created_at`, `updated_at`) VALUES (49, 60, '1984-03-21 04:03:29', '1977-06-12 21:31:51');
INSERT INTO `posts_media` (`post_id`, `media_id`, `created_at`, `updated_at`) VALUES (49, 69, '2020-01-29 02:55:39', '2019-05-21 02:00:35');
INSERT INTO `posts_media` (`post_id`, `media_id`, `created_at`, `updated_at`) VALUES (49, 84, '2006-03-18 17:29:45', '2006-10-05 14:04:33');
INSERT INTO `posts_media` (`post_id`, `media_id`, `created_at`, `updated_at`) VALUES (52, 40, '1994-01-11 11:43:12', '2012-05-04 07:11:10');
INSERT INTO `posts_media` (`post_id`, `media_id`, `created_at`, `updated_at`) VALUES (53, 50, '1983-05-23 12:55:37', '1990-12-24 17:18:13');
INSERT INTO `posts_media` (`post_id`, `media_id`, `created_at`, `updated_at`) VALUES (56, 30, '1981-04-07 20:36:46', '2004-12-14 05:30:37');
INSERT INTO `posts_media` (`post_id`, `media_id`, `created_at`, `updated_at`) VALUES (58, 41, '2019-12-01 14:49:05', '1976-10-10 17:46:52');
INSERT INTO `posts_media` (`post_id`, `media_id`, `created_at`, `updated_at`) VALUES (59, 84, '2002-06-03 11:45:09', '1973-01-28 07:28:19');
INSERT INTO `posts_media` (`post_id`, `media_id`, `created_at`, `updated_at`) VALUES (61, 2, '2008-04-11 17:07:43', '1995-11-10 23:44:38');
INSERT INTO `posts_media` (`post_id`, `media_id`, `created_at`, `updated_at`) VALUES (61, 61, '1979-04-26 02:56:06', '1985-07-14 20:32:22');
INSERT INTO `posts_media` (`post_id`, `media_id`, `created_at`, `updated_at`) VALUES (62, 85, '1981-10-30 10:57:49', '1984-08-06 00:22:00');
INSERT INTO `posts_media` (`post_id`, `media_id`, `created_at`, `updated_at`) VALUES (63, 10, '1997-12-16 00:04:04', '1975-10-14 01:10:36');
INSERT INTO `posts_media` (`post_id`, `media_id`, `created_at`, `updated_at`) VALUES (63, 30, '2011-11-07 16:18:18', '2020-01-04 09:33:22');
INSERT INTO `posts_media` (`post_id`, `media_id`, `created_at`, `updated_at`) VALUES (64, 5, '1986-05-01 23:19:01', '2000-05-13 01:24:59');
INSERT INTO `posts_media` (`post_id`, `media_id`, `created_at`, `updated_at`) VALUES (64, 77, '2018-01-26 04:22:21', '2002-02-08 06:21:04');
INSERT INTO `posts_media` (`post_id`, `media_id`, `created_at`, `updated_at`) VALUES (67, 5, '1981-05-21 07:49:09', '1987-11-22 11:47:03');
INSERT INTO `posts_media` (`post_id`, `media_id`, `created_at`, `updated_at`) VALUES (68, 75, '2011-12-24 08:53:31', '1975-10-30 02:47:28');
INSERT INTO `posts_media` (`post_id`, `media_id`, `created_at`, `updated_at`) VALUES (72, 49, '1972-06-05 09:20:50', '1984-05-10 13:15:21');
INSERT INTO `posts_media` (`post_id`, `media_id`, `created_at`, `updated_at`) VALUES (74, 30, '1976-08-28 19:02:33', '1996-11-24 01:04:27');
INSERT INTO `posts_media` (`post_id`, `media_id`, `created_at`, `updated_at`) VALUES (77, 80, '1988-05-08 14:08:50', '1996-07-14 16:26:28');
INSERT INTO `posts_media` (`post_id`, `media_id`, `created_at`, `updated_at`) VALUES (78, 11, '2010-12-15 10:03:29', '2004-05-10 17:28:41');
INSERT INTO `posts_media` (`post_id`, `media_id`, `created_at`, `updated_at`) VALUES (78, 38, '2017-09-24 15:23:51', '1987-05-04 00:39:44');
INSERT INTO `posts_media` (`post_id`, `media_id`, `created_at`, `updated_at`) VALUES (79, 37, '1984-06-05 16:45:28', '1980-01-16 03:48:42');
INSERT INTO `posts_media` (`post_id`, `media_id`, `created_at`, `updated_at`) VALUES (79, 71, '1976-03-12 10:16:51', '2015-07-24 22:07:18');
INSERT INTO `posts_media` (`post_id`, `media_id`, `created_at`, `updated_at`) VALUES (80, 56, '2021-05-04 05:47:58', '2008-01-19 21:47:05');
INSERT INTO `posts_media` (`post_id`, `media_id`, `created_at`, `updated_at`) VALUES (81, 56, '2018-07-30 20:59:34', '1994-11-14 09:46:26');
INSERT INTO `posts_media` (`post_id`, `media_id`, `created_at`, `updated_at`) VALUES (82, 48, '2010-05-07 11:51:06', '2021-05-22 11:12:48');
INSERT INTO `posts_media` (`post_id`, `media_id`, `created_at`, `updated_at`) VALUES (85, 12, '1990-06-20 20:59:53', '2011-05-14 22:06:31');
INSERT INTO `posts_media` (`post_id`, `media_id`, `created_at`, `updated_at`) VALUES (85, 44, '1999-04-25 01:18:20', '1981-10-28 09:18:41');
INSERT INTO `posts_media` (`post_id`, `media_id`, `created_at`, `updated_at`) VALUES (86, 1, '2019-09-11 09:22:33', '1993-11-04 06:56:00');
INSERT INTO `posts_media` (`post_id`, `media_id`, `created_at`, `updated_at`) VALUES (86, 29, '2012-08-15 05:03:31', '2013-06-11 13:25:39');
INSERT INTO `posts_media` (`post_id`, `media_id`, `created_at`, `updated_at`) VALUES (89, 51, '2001-07-04 00:21:32', '1999-02-24 15:01:36');
INSERT INTO `posts_media` (`post_id`, `media_id`, `created_at`, `updated_at`) VALUES (89, 79, '1971-06-18 03:59:07', '1981-07-13 20:07:58');
INSERT INTO `posts_media` (`post_id`, `media_id`, `created_at`, `updated_at`) VALUES (90, 11, '1984-10-06 03:56:44', '2013-09-04 10:46:57');
INSERT INTO `posts_media` (`post_id`, `media_id`, `created_at`, `updated_at`) VALUES (90, 90, '2020-06-19 16:58:40', '1980-02-10 23:01:44');
INSERT INTO `posts_media` (`post_id`, `media_id`, `created_at`, `updated_at`) VALUES (90, 92, '1992-09-07 18:03:32', '2003-08-14 10:10:21');
INSERT INTO `posts_media` (`post_id`, `media_id`, `created_at`, `updated_at`) VALUES (91, 55, '1984-01-15 02:49:18', '2008-02-16 20:25:41');
INSERT INTO `posts_media` (`post_id`, `media_id`, `created_at`, `updated_at`) VALUES (92, 59, '1985-09-26 09:53:01', '1989-07-09 03:08:15');
INSERT INTO `posts_media` (`post_id`, `media_id`, `created_at`, `updated_at`) VALUES (93, 96, '1987-02-04 03:53:33', '1996-04-29 05:50:38');
INSERT INTO `posts_media` (`post_id`, `media_id`, `created_at`, `updated_at`) VALUES (95, 34, '2003-06-04 00:28:07', '1971-02-28 03:49:53');
INSERT INTO `posts_media` (`post_id`, `media_id`, `created_at`, `updated_at`) VALUES (97, 39, '2008-06-28 08:18:15', '1988-05-09 06:12:21');
INSERT INTO `posts_media` (`post_id`, `media_id`, `created_at`, `updated_at`) VALUES (97, 41, '1985-04-11 17:55:22', '1980-02-27 22:03:31');
INSERT INTO `posts_media` (`post_id`, `media_id`, `created_at`, `updated_at`) VALUES (97, 89, '1993-04-02 11:10:30', '1974-03-08 07:16:07');
INSERT INTO `posts_media` (`post_id`, `media_id`, `created_at`, `updated_at`) VALUES (98, 31, '2021-04-08 08:51:18', '1994-04-13 17:17:16');
INSERT INTO `posts_media` (`post_id`, `media_id`, `created_at`, `updated_at`) VALUES (98, 64, '1977-03-09 21:32:22', '1993-10-09 02:57:45');
INSERT INTO `posts_media` (`post_id`, `media_id`, `created_at`, `updated_at`) VALUES (99, 31, '1972-03-11 06:00:15', '1999-09-16 12:03:51');
INSERT INTO `posts_media` (`post_id`, `media_id`, `created_at`, `updated_at`) VALUES (99, 83, '2002-05-10 08:26:38', '2010-08-18 18:16:59');
INSERT INTO `posts_media` (`post_id`, `media_id`, `created_at`, `updated_at`) VALUES (100, 71, '1994-08-08 23:36:42', '2006-01-15 00:43:43');
INSERT INTO `posts_media` (`post_id`, `media_id`, `created_at`, `updated_at`) VALUES (100, 74, '1984-06-12 05:20:58', '1981-01-04 19:10:31');

-- Заполнение таблицы Messages_media--
INSERT INTO `messages_media` (`message_id`, `media_id`, `created_at`, `updated_at`) VALUES (2, 66, '1972-01-02 15:06:15', '2019-02-09 08:59:05');
INSERT INTO `messages_media` (`message_id`, `media_id`, `created_at`, `updated_at`) VALUES (3, 100, '2001-02-24 02:45:34', '1986-11-11 10:56:18');
INSERT INTO `messages_media` (`message_id`, `media_id`, `created_at`, `updated_at`) VALUES (4, 61, '1971-02-07 22:35:08', '1994-06-06 03:10:20');
INSERT INTO `messages_media` (`message_id`, `media_id`, `created_at`, `updated_at`) VALUES (7, 51, '1978-08-29 15:34:06', '2001-06-22 21:31:41');
INSERT INTO `messages_media` (`message_id`, `media_id`, `created_at`, `updated_at`) VALUES (8, 32, '2010-08-12 04:35:30', '2009-05-09 17:52:33');
INSERT INTO `messages_media` (`message_id`, `media_id`, `created_at`, `updated_at`) VALUES (10, 53, '1975-09-26 01:32:12', '2008-05-10 06:13:48');
INSERT INTO `messages_media` (`message_id`, `media_id`, `created_at`, `updated_at`) VALUES (14, 18, '1987-05-31 08:11:35', '2006-11-06 11:53:15');
INSERT INTO `messages_media` (`message_id`, `media_id`, `created_at`, `updated_at`) VALUES (14, 82, '1980-10-31 02:35:58', '1996-04-28 02:47:38');
INSERT INTO `messages_media` (`message_id`, `media_id`, `created_at`, `updated_at`) VALUES (18, 29, '1989-04-01 18:24:03', '2016-03-07 05:41:05');
INSERT INTO `messages_media` (`message_id`, `media_id`, `created_at`, `updated_at`) VALUES (18, 90, '2016-05-28 19:30:27', '1975-07-23 03:01:52');
INSERT INTO `messages_media` (`message_id`, `media_id`, `created_at`, `updated_at`) VALUES (22, 53, '2010-10-11 18:55:40', '2007-10-23 05:02:09');
INSERT INTO `messages_media` (`message_id`, `media_id`, `created_at`, `updated_at`) VALUES (22, 78, '2003-05-20 05:04:14', '1994-04-20 06:56:21');
INSERT INTO `messages_media` (`message_id`, `media_id`, `created_at`, `updated_at`) VALUES (22, 87, '2006-08-10 13:11:37', '1978-05-14 23:19:01');
INSERT INTO `messages_media` (`message_id`, `media_id`, `created_at`, `updated_at`) VALUES (23, 99, '1979-01-04 07:26:58', '1995-01-23 15:28:22');
INSERT INTO `messages_media` (`message_id`, `media_id`, `created_at`, `updated_at`) VALUES (24, 1, '1971-09-04 21:00:02', '1972-06-06 09:06:54');
INSERT INTO `messages_media` (`message_id`, `media_id`, `created_at`, `updated_at`) VALUES (25, 59, '2020-06-03 02:49:51', '1987-05-29 05:57:45');
INSERT INTO `messages_media` (`message_id`, `media_id`, `created_at`, `updated_at`) VALUES (26, 73, '2004-02-08 23:30:50', '1990-03-26 06:09:52');
INSERT INTO `messages_media` (`message_id`, `media_id`, `created_at`, `updated_at`) VALUES (26, 96, '2018-06-21 06:03:09', '2017-10-19 13:10:48');
INSERT INTO `messages_media` (`message_id`, `media_id`, `created_at`, `updated_at`) VALUES (27, 50, '1993-06-19 08:27:31', '1999-03-06 04:30:46');
INSERT INTO `messages_media` (`message_id`, `media_id`, `created_at`, `updated_at`) VALUES (28, 43, '2003-08-09 05:33:08', '2005-08-04 19:10:31');
INSERT INTO `messages_media` (`message_id`, `media_id`, `created_at`, `updated_at`) VALUES (30, 69, '2016-07-13 20:07:11', '1972-08-05 17:42:23');
INSERT INTO `messages_media` (`message_id`, `media_id`, `created_at`, `updated_at`) VALUES (30, 88, '1993-07-25 10:32:41', '2011-03-28 18:16:11');
INSERT INTO `messages_media` (`message_id`, `media_id`, `created_at`, `updated_at`) VALUES (31, 14, '2017-01-17 18:19:14', '1975-12-01 21:08:36');
INSERT INTO `messages_media` (`message_id`, `media_id`, `created_at`, `updated_at`) VALUES (31, 68, '1989-02-18 12:40:58', '1993-11-27 17:56:16');
INSERT INTO `messages_media` (`message_id`, `media_id`, `created_at`, `updated_at`) VALUES (32, 47, '1973-04-20 13:01:17', '2010-10-02 06:51:47');
INSERT INTO `messages_media` (`message_id`, `media_id`, `created_at`, `updated_at`) VALUES (33, 31, '1982-01-12 21:52:04', '2019-01-30 05:08:55');
INSERT INTO `messages_media` (`message_id`, `media_id`, `created_at`, `updated_at`) VALUES (33, 55, '1970-02-12 00:46:13', '2016-03-07 04:32:01');
INSERT INTO `messages_media` (`message_id`, `media_id`, `created_at`, `updated_at`) VALUES (33, 57, '1994-01-25 02:51:03', '1981-03-11 13:49:49');
INSERT INTO `messages_media` (`message_id`, `media_id`, `created_at`, `updated_at`) VALUES (34, 30, '2012-05-29 13:01:14', '2020-09-22 07:22:11');
INSERT INTO `messages_media` (`message_id`, `media_id`, `created_at`, `updated_at`) VALUES (35, 40, '1973-07-19 15:32:13', '1979-12-20 10:41:38');
INSERT INTO `messages_media` (`message_id`, `media_id`, `created_at`, `updated_at`) VALUES (35, 90, '2005-05-23 23:21:17', '1996-06-21 13:10:14');
INSERT INTO `messages_media` (`message_id`, `media_id`, `created_at`, `updated_at`) VALUES (38, 1, '1996-12-24 22:21:34', '2015-11-26 03:14:39');
INSERT INTO `messages_media` (`message_id`, `media_id`, `created_at`, `updated_at`) VALUES (39, 10, '1990-07-08 18:04:32', '1991-06-16 02:24:56');
INSERT INTO `messages_media` (`message_id`, `media_id`, `created_at`, `updated_at`) VALUES (40, 6, '1992-03-21 11:45:43', '2000-05-30 04:40:36');
INSERT INTO `messages_media` (`message_id`, `media_id`, `created_at`, `updated_at`) VALUES (40, 46, '1972-06-16 02:38:53', '1999-09-15 18:17:18');
INSERT INTO `messages_media` (`message_id`, `media_id`, `created_at`, `updated_at`) VALUES (40, 58, '2008-08-03 09:44:25', '1990-07-01 05:34:21');
INSERT INTO `messages_media` (`message_id`, `media_id`, `created_at`, `updated_at`) VALUES (42, 20, '1985-07-16 07:00:14', '2002-06-14 10:51:03');
INSERT INTO `messages_media` (`message_id`, `media_id`, `created_at`, `updated_at`) VALUES (43, 21, '2004-12-25 03:47:02', '2002-08-16 23:10:37');
INSERT INTO `messages_media` (`message_id`, `media_id`, `created_at`, `updated_at`) VALUES (43, 28, '2016-10-15 08:56:28', '1985-05-13 10:30:02');
INSERT INTO `messages_media` (`message_id`, `media_id`, `created_at`, `updated_at`) VALUES (43, 92, '1981-01-04 18:31:35', '1986-09-28 14:04:34');
INSERT INTO `messages_media` (`message_id`, `media_id`, `created_at`, `updated_at`) VALUES (44, 31, '1988-04-09 03:19:11', '1977-02-02 22:00:40');
INSERT INTO `messages_media` (`message_id`, `media_id`, `created_at`, `updated_at`) VALUES (45, 28, '1981-04-29 16:58:45', '2016-03-18 22:18:31');
INSERT INTO `messages_media` (`message_id`, `media_id`, `created_at`, `updated_at`) VALUES (46, 12, '2005-02-04 04:54:39', '2005-12-06 19:20:01');
INSERT INTO `messages_media` (`message_id`, `media_id`, `created_at`, `updated_at`) VALUES (46, 49, '2018-09-21 13:29:46', '1978-07-29 16:18:56');
INSERT INTO `messages_media` (`message_id`, `media_id`, `created_at`, `updated_at`) VALUES (48, 65, '2003-08-17 20:27:48', '1975-02-21 14:34:26');
INSERT INTO `messages_media` (`message_id`, `media_id`, `created_at`, `updated_at`) VALUES (49, 26, '2016-01-03 02:07:59', '1999-10-10 13:43:26');
INSERT INTO `messages_media` (`message_id`, `media_id`, `created_at`, `updated_at`) VALUES (49, 53, '1973-05-29 07:18:28', '1984-08-29 16:02:44');
INSERT INTO `messages_media` (`message_id`, `media_id`, `created_at`, `updated_at`) VALUES (49, 68, '1993-03-17 01:06:28', '1986-05-18 21:40:02');
INSERT INTO `messages_media` (`message_id`, `media_id`, `created_at`, `updated_at`) VALUES (51, 94, '2004-05-27 09:14:52', '1984-01-29 17:06:55');
INSERT INTO `messages_media` (`message_id`, `media_id`, `created_at`, `updated_at`) VALUES (52, 25, '2018-02-12 17:09:24', '1979-09-18 05:14:01');
INSERT INTO `messages_media` (`message_id`, `media_id`, `created_at`, `updated_at`) VALUES (52, 41, '2012-11-29 22:57:02', '1979-01-09 20:05:38');
INSERT INTO `messages_media` (`message_id`, `media_id`, `created_at`, `updated_at`) VALUES (55, 35, '1986-08-27 09:54:33', '1975-09-27 06:09:20');
INSERT INTO `messages_media` (`message_id`, `media_id`, `created_at`, `updated_at`) VALUES (55, 90, '1999-11-22 01:09:46', '1992-07-12 07:31:57');
INSERT INTO `messages_media` (`message_id`, `media_id`, `created_at`, `updated_at`) VALUES (57, 55, '1984-10-15 21:34:12', '1973-07-09 21:48:43');
INSERT INTO `messages_media` (`message_id`, `media_id`, `created_at`, `updated_at`) VALUES (57, 70, '2005-12-31 11:56:37', '1990-04-25 08:53:24');
INSERT INTO `messages_media` (`message_id`, `media_id`, `created_at`, `updated_at`) VALUES (57, 75, '2002-09-04 02:50:18', '2015-01-08 11:48:16');
INSERT INTO `messages_media` (`message_id`, `media_id`, `created_at`, `updated_at`) VALUES (60, 26, '1993-11-14 04:12:02', '2019-03-20 02:41:43');
INSERT INTO `messages_media` (`message_id`, `media_id`, `created_at`, `updated_at`) VALUES (60, 44, '1984-12-13 23:12:14', '1989-03-15 04:20:28');
INSERT INTO `messages_media` (`message_id`, `media_id`, `created_at`, `updated_at`) VALUES (61, 91, '1982-03-01 06:09:22', '2002-10-27 05:14:17');
INSERT INTO `messages_media` (`message_id`, `media_id`, `created_at`, `updated_at`) VALUES (62, 3, '2010-12-20 14:52:40', '1998-09-02 00:34:44');
INSERT INTO `messages_media` (`message_id`, `media_id`, `created_at`, `updated_at`) VALUES (63, 83, '1982-02-07 14:06:58', '1982-04-26 18:11:48');
INSERT INTO `messages_media` (`message_id`, `media_id`, `created_at`, `updated_at`) VALUES (64, 20, '2009-12-29 03:14:29', '1980-06-11 22:01:23');
INSERT INTO `messages_media` (`message_id`, `media_id`, `created_at`, `updated_at`) VALUES (64, 82, '1978-11-11 20:09:00', '1993-06-24 21:55:05');
INSERT INTO `messages_media` (`message_id`, `media_id`, `created_at`, `updated_at`) VALUES (65, 51, '1986-04-10 19:25:05', '1984-11-03 18:52:06');
INSERT INTO `messages_media` (`message_id`, `media_id`, `created_at`, `updated_at`) VALUES (66, 9, '1989-04-08 08:12:44', '2008-09-11 09:04:29');
INSERT INTO `messages_media` (`message_id`, `media_id`, `created_at`, `updated_at`) VALUES (66, 46, '1980-09-19 14:51:16', '1994-12-09 22:58:18');
INSERT INTO `messages_media` (`message_id`, `media_id`, `created_at`, `updated_at`) VALUES (66, 96, '2011-04-24 10:57:26', '1995-08-25 05:44:19');
INSERT INTO `messages_media` (`message_id`, `media_id`, `created_at`, `updated_at`) VALUES (67, 49, '1983-06-24 22:22:32', '1976-02-01 16:17:07');
INSERT INTO `messages_media` (`message_id`, `media_id`, `created_at`, `updated_at`) VALUES (68, 6, '2000-12-22 02:30:16', '1974-10-27 00:03:12');
INSERT INTO `messages_media` (`message_id`, `media_id`, `created_at`, `updated_at`) VALUES (69, 54, '1979-10-10 00:24:21', '2006-11-14 02:21:51');
INSERT INTO `messages_media` (`message_id`, `media_id`, `created_at`, `updated_at`) VALUES (69, 79, '1999-05-08 23:56:40', '2018-07-02 01:24:02');
INSERT INTO `messages_media` (`message_id`, `media_id`, `created_at`, `updated_at`) VALUES (69, 93, '1982-12-24 23:50:40', '2009-11-27 11:03:41');
INSERT INTO `messages_media` (`message_id`, `media_id`, `created_at`, `updated_at`) VALUES (74, 97, '1984-02-17 19:29:47', '1983-01-08 14:56:21');
INSERT INTO `messages_media` (`message_id`, `media_id`, `created_at`, `updated_at`) VALUES (75, 15, '2016-06-17 08:38:15', '1978-06-09 20:50:46');
INSERT INTO `messages_media` (`message_id`, `media_id`, `created_at`, `updated_at`) VALUES (75, 68, '2016-06-30 01:47:20', '1990-03-14 02:29:43');
INSERT INTO `messages_media` (`message_id`, `media_id`, `created_at`, `updated_at`) VALUES (75, 74, '1976-10-15 01:40:12', '2001-09-03 06:43:37');
INSERT INTO `messages_media` (`message_id`, `media_id`, `created_at`, `updated_at`) VALUES (75, 95, '1987-01-03 05:29:27', '1986-02-27 19:59:17');
INSERT INTO `messages_media` (`message_id`, `media_id`, `created_at`, `updated_at`) VALUES (78, 43, '2021-07-05 00:02:40', '2003-11-17 10:03:56');
INSERT INTO `messages_media` (`message_id`, `media_id`, `created_at`, `updated_at`) VALUES (79, 10, '1994-09-14 14:36:28', '1990-02-01 00:59:02');
INSERT INTO `messages_media` (`message_id`, `media_id`, `created_at`, `updated_at`) VALUES (80, 18, '1985-09-01 11:19:17', '1996-08-30 17:24:59');
INSERT INTO `messages_media` (`message_id`, `media_id`, `created_at`, `updated_at`) VALUES (80, 85, '2015-02-03 15:15:34', '2014-03-15 05:19:31');
INSERT INTO `messages_media` (`message_id`, `media_id`, `created_at`, `updated_at`) VALUES (81, 47, '1990-10-30 03:42:59', '1981-03-21 21:56:52');
INSERT INTO `messages_media` (`message_id`, `media_id`, `created_at`, `updated_at`) VALUES (81, 89, '1988-09-13 20:01:33', '2001-07-15 10:32:26');
INSERT INTO `messages_media` (`message_id`, `media_id`, `created_at`, `updated_at`) VALUES (82, 17, '1972-05-12 14:23:34', '2011-10-28 11:37:40');
INSERT INTO `messages_media` (`message_id`, `media_id`, `created_at`, `updated_at`) VALUES (82, 80, '2011-04-02 07:48:27', '2003-05-04 14:13:38');
INSERT INTO `messages_media` (`message_id`, `media_id`, `created_at`, `updated_at`) VALUES (83, 60, '1976-03-09 05:18:36', '1974-01-20 18:51:35');
INSERT INTO `messages_media` (`message_id`, `media_id`, `created_at`, `updated_at`) VALUES (84, 56, '1997-01-09 23:53:52', '2006-01-20 19:11:13');
INSERT INTO `messages_media` (`message_id`, `media_id`, `created_at`, `updated_at`) VALUES (89, 21, '2002-10-23 00:13:05', '2002-03-04 08:05:29');
INSERT INTO `messages_media` (`message_id`, `media_id`, `created_at`, `updated_at`) VALUES (89, 22, '2000-12-22 03:22:26', '1975-08-10 15:07:18');
INSERT INTO `messages_media` (`message_id`, `media_id`, `created_at`, `updated_at`) VALUES (89, 30, '2009-03-31 22:03:43', '2003-07-31 04:38:28');
INSERT INTO `messages_media` (`message_id`, `media_id`, `created_at`, `updated_at`) VALUES (90, 76, '2000-05-21 06:42:41', '1989-10-03 16:45:09');
INSERT INTO `messages_media` (`message_id`, `media_id`, `created_at`, `updated_at`) VALUES (91, 87, '1976-01-10 19:42:21', '1986-11-05 18:38:52');
INSERT INTO `messages_media` (`message_id`, `media_id`, `created_at`, `updated_at`) VALUES (94, 6, '2007-12-06 23:49:05', '1998-10-30 11:33:00');
INSERT INTO `messages_media` (`message_id`, `media_id`, `created_at`, `updated_at`) VALUES (94, 65, '2013-09-27 13:04:16', '1995-07-20 05:52:22');
INSERT INTO `messages_media` (`message_id`, `media_id`, `created_at`, `updated_at`) VALUES (95, 79, '2007-08-05 11:24:17', '2019-04-27 14:42:45');
INSERT INTO `messages_media` (`message_id`, `media_id`, `created_at`, `updated_at`) VALUES (95, 96, '2021-06-05 17:32:40', '1995-09-25 15:41:05');
INSERT INTO `messages_media` (`message_id`, `media_id`, `created_at`, `updated_at`) VALUES (96, 28, '2003-09-03 12:33:49', '1976-04-27 01:18:51');
INSERT INTO `messages_media` (`message_id`, `media_id`, `created_at`, `updated_at`) VALUES (98, 81, '1978-10-21 05:59:25', '1986-03-24 01:57:54');
INSERT INTO `messages_media` (`message_id`, `media_id`, `created_at`, `updated_at`) VALUES (98, 83, '2007-02-26 04:02:44', '2013-05-08 04:15:16');
INSERT INTO `messages_media` (`message_id`, `media_id`, `created_at`, `updated_at`) VALUES (100, 7, '2009-02-01 18:29:04', '1997-03-28 20:43:06');

-- Заполнение таблицы Likes--
INSERT INTO `likes` (`id`, `from_user_id`, `entity_id`, `entity_name`, `created_at`, `updated_at`) VALUES (1, 90, 83, 'ut', '2013-12-06 20:16:22', '1970-12-11 22:17:29');
INSERT INTO `likes` (`id`, `from_user_id`, `entity_id`, `entity_name`, `created_at`, `updated_at`) VALUES (2, 83, 69, 'totam', '1999-04-15 01:41:04', '2017-10-19 07:10:57');
INSERT INTO `likes` (`id`, `from_user_id`, `entity_id`, `entity_name`, `created_at`, `updated_at`) VALUES (3, 57, 70, 'ullam', '1974-08-28 01:00:03', '2018-02-08 19:58:04');
INSERT INTO `likes` (`id`, `from_user_id`, `entity_id`, `entity_name`, `created_at`, `updated_at`) VALUES (4, 12, 47, 'est', '1975-09-30 08:35:22', '1991-04-24 05:59:46');
INSERT INTO `likes` (`id`, `from_user_id`, `entity_id`, `entity_name`, `created_at`, `updated_at`) VALUES (5, 97, 58, 'eveniet', '2009-01-08 06:55:50', '1999-04-24 23:30:27');
INSERT INTO `likes` (`id`, `from_user_id`, `entity_id`, `entity_name`, `created_at`, `updated_at`) VALUES (6, 61, 21, 'rerum', '2002-05-11 06:41:16', '2005-06-18 05:26:58');
INSERT INTO `likes` (`id`, `from_user_id`, `entity_id`, `entity_name`, `created_at`, `updated_at`) VALUES (7, 23, 71, 'dolorum', '1978-02-25 15:47:03', '2004-05-06 01:25:48');
INSERT INTO `likes` (`id`, `from_user_id`, `entity_id`, `entity_name`, `created_at`, `updated_at`) VALUES (8, 11, 54, 'officia', '2013-11-04 19:56:08', '1987-03-15 05:34:14');
INSERT INTO `likes` (`id`, `from_user_id`, `entity_id`, `entity_name`, `created_at`, `updated_at`) VALUES (9, 54, 4, 'culpa', '1992-01-08 11:08:40', '1995-02-02 07:36:04');
INSERT INTO `likes` (`id`, `from_user_id`, `entity_id`, `entity_name`, `created_at`, `updated_at`) VALUES (10, 15, 24, 'voluptas', '1996-12-15 18:58:51', '2016-07-12 02:53:14');
INSERT INTO `likes` (`id`, `from_user_id`, `entity_id`, `entity_name`, `created_at`, `updated_at`) VALUES (11, 27, 13, 'sapiente', '2015-10-28 09:04:44', '1980-09-20 12:03:11');
INSERT INTO `likes` (`id`, `from_user_id`, `entity_id`, `entity_name`, `created_at`, `updated_at`) VALUES (12, 19, 95, 'iste', '2008-12-21 00:57:03', '2004-04-01 22:23:37');
INSERT INTO `likes` (`id`, `from_user_id`, `entity_id`, `entity_name`, `created_at`, `updated_at`) VALUES (13, 9, 52, 'distinctio', '1989-11-10 03:10:22', '1977-12-31 08:02:48');
INSERT INTO `likes` (`id`, `from_user_id`, `entity_id`, `entity_name`, `created_at`, `updated_at`) VALUES (14, 99, 63, 'pariatur', '2009-05-13 12:53:24', '2006-12-05 00:30:49');
INSERT INTO `likes` (`id`, `from_user_id`, `entity_id`, `entity_name`, `created_at`, `updated_at`) VALUES (15, 32, 60, 'doloremque', '1982-06-15 23:15:56', '1974-05-13 13:19:06');
INSERT INTO `likes` (`id`, `from_user_id`, `entity_id`, `entity_name`, `created_at`, `updated_at`) VALUES (16, 68, 20, 'illo', '1995-10-20 19:21:53', '1982-09-30 07:28:31');
INSERT INTO `likes` (`id`, `from_user_id`, `entity_id`, `entity_name`, `created_at`, `updated_at`) VALUES (17, 48, 43, 'cupiditate', '1986-05-30 10:46:04', '1987-03-03 02:13:41');
INSERT INTO `likes` (`id`, `from_user_id`, `entity_id`, `entity_name`, `created_at`, `updated_at`) VALUES (18, 74, 53, 'provident', '1994-07-17 10:18:42', '1993-07-25 08:34:32');
INSERT INTO `likes` (`id`, `from_user_id`, `entity_id`, `entity_name`, `created_at`, `updated_at`) VALUES (19, 40, 6, 'quia', '2000-07-25 04:15:35', '1991-04-22 00:26:15');
INSERT INTO `likes` (`id`, `from_user_id`, `entity_id`, `entity_name`, `created_at`, `updated_at`) VALUES (20, 54, 21, 'veniam', '1984-07-29 16:50:44', '2018-10-12 14:27:40');
INSERT INTO `likes` (`id`, `from_user_id`, `entity_id`, `entity_name`, `created_at`, `updated_at`) VALUES (21, 53, 48, 'aut', '1978-01-23 11:33:06', '2015-06-14 06:41:01');
INSERT INTO `likes` (`id`, `from_user_id`, `entity_id`, `entity_name`, `created_at`, `updated_at`) VALUES (22, 34, 67, 'amet', '1986-01-28 22:56:18', '1976-01-20 03:59:35');
INSERT INTO `likes` (`id`, `from_user_id`, `entity_id`, `entity_name`, `created_at`, `updated_at`) VALUES (23, 84, 75, 'laboriosam', '1982-01-04 23:10:35', '2013-04-10 17:51:11');
INSERT INTO `likes` (`id`, `from_user_id`, `entity_id`, `entity_name`, `created_at`, `updated_at`) VALUES (24, 4, 74, 'cupiditate', '1992-09-03 19:59:42', '2014-02-05 21:14:01');
INSERT INTO `likes` (`id`, `from_user_id`, `entity_id`, `entity_name`, `created_at`, `updated_at`) VALUES (25, 70, 5, 'quo', '1994-08-03 16:37:40', '1985-12-15 03:24:17');
INSERT INTO `likes` (`id`, `from_user_id`, `entity_id`, `entity_name`, `created_at`, `updated_at`) VALUES (26, 94, 73, 'veniam', '1994-04-02 09:48:40', '1978-07-18 18:00:16');
INSERT INTO `likes` (`id`, `from_user_id`, `entity_id`, `entity_name`, `created_at`, `updated_at`) VALUES (27, 38, 21, 'excepturi', '2004-06-12 22:54:31', '2020-01-09 23:53:31');
INSERT INTO `likes` (`id`, `from_user_id`, `entity_id`, `entity_name`, `created_at`, `updated_at`) VALUES (28, 53, 95, 'ullam', '1995-06-23 04:58:12', '1993-05-13 15:24:48');
INSERT INTO `likes` (`id`, `from_user_id`, `entity_id`, `entity_name`, `created_at`, `updated_at`) VALUES (29, 22, 34, 'veritatis', '1992-10-25 07:47:26', '2018-12-24 03:11:34');
INSERT INTO `likes` (`id`, `from_user_id`, `entity_id`, `entity_name`, `created_at`, `updated_at`) VALUES (30, 94, 88, 'debitis', '1975-12-14 01:09:46', '1990-07-15 07:34:15');
INSERT INTO `likes` (`id`, `from_user_id`, `entity_id`, `entity_name`, `created_at`, `updated_at`) VALUES (31, 89, 40, 'odit', '1980-10-05 09:07:16', '2007-10-16 23:39:15');
INSERT INTO `likes` (`id`, `from_user_id`, `entity_id`, `entity_name`, `created_at`, `updated_at`) VALUES (32, 96, 73, 'enim', '1979-02-26 15:07:40', '2001-09-12 08:58:47');
INSERT INTO `likes` (`id`, `from_user_id`, `entity_id`, `entity_name`, `created_at`, `updated_at`) VALUES (33, 97, 57, 'aspernatur', '2020-09-15 07:36:19', '2007-06-27 12:14:37');
INSERT INTO `likes` (`id`, `from_user_id`, `entity_id`, `entity_name`, `created_at`, `updated_at`) VALUES (34, 50, 61, 'reiciendis', '2016-09-19 04:32:27', '1981-10-29 09:54:14');
INSERT INTO `likes` (`id`, `from_user_id`, `entity_id`, `entity_name`, `created_at`, `updated_at`) VALUES (35, 66, 30, 'sed', '2002-05-25 14:05:00', '1984-08-13 04:34:11');
INSERT INTO `likes` (`id`, `from_user_id`, `entity_id`, `entity_name`, `created_at`, `updated_at`) VALUES (36, 41, 23, 'mollitia', '1988-03-25 19:58:16', '2017-07-24 13:14:23');
INSERT INTO `likes` (`id`, `from_user_id`, `entity_id`, `entity_name`, `created_at`, `updated_at`) VALUES (37, 35, 61, 'quos', '1974-09-23 12:31:59', '2007-01-23 03:54:25');
INSERT INTO `likes` (`id`, `from_user_id`, `entity_id`, `entity_name`, `created_at`, `updated_at`) VALUES (38, 73, 14, 'quam', '2002-01-24 04:08:46', '1990-04-04 10:35:45');
INSERT INTO `likes` (`id`, `from_user_id`, `entity_id`, `entity_name`, `created_at`, `updated_at`) VALUES (39, 63, 35, 'animi', '1982-08-03 16:46:06', '2006-02-25 17:04:34');
INSERT INTO `likes` (`id`, `from_user_id`, `entity_id`, `entity_name`, `created_at`, `updated_at`) VALUES (40, 59, 29, 'totam', '1971-02-13 01:43:57', '1981-03-24 00:18:59');
INSERT INTO `likes` (`id`, `from_user_id`, `entity_id`, `entity_name`, `created_at`, `updated_at`) VALUES (41, 76, 17, 'earum', '2015-12-18 21:44:03', '1996-08-23 05:07:25');
INSERT INTO `likes` (`id`, `from_user_id`, `entity_id`, `entity_name`, `created_at`, `updated_at`) VALUES (42, 40, 12, 'amet', '2008-07-15 00:00:16', '2014-11-29 19:34:30');
INSERT INTO `likes` (`id`, `from_user_id`, `entity_id`, `entity_name`, `created_at`, `updated_at`) VALUES (43, 70, 9, 'neque', '1979-07-26 06:51:23', '1977-02-23 10:42:47');
INSERT INTO `likes` (`id`, `from_user_id`, `entity_id`, `entity_name`, `created_at`, `updated_at`) VALUES (44, 75, 59, 'deserunt', '1971-09-20 16:33:59', '2002-07-29 21:46:18');
INSERT INTO `likes` (`id`, `from_user_id`, `entity_id`, `entity_name`, `created_at`, `updated_at`) VALUES (45, 53, 24, 'ipsa', '1983-05-24 22:06:48', '2013-06-22 08:21:05');
INSERT INTO `likes` (`id`, `from_user_id`, `entity_id`, `entity_name`, `created_at`, `updated_at`) VALUES (46, 36, 64, 'qui', '1977-11-02 23:25:50', '2011-04-08 07:07:02');
INSERT INTO `likes` (`id`, `from_user_id`, `entity_id`, `entity_name`, `created_at`, `updated_at`) VALUES (47, 91, 99, 'enim', '2010-05-17 22:34:57', '1997-04-06 16:43:10');
INSERT INTO `likes` (`id`, `from_user_id`, `entity_id`, `entity_name`, `created_at`, `updated_at`) VALUES (48, 67, 72, 'id', '2013-11-14 17:58:14', '2019-03-19 04:14:26');
INSERT INTO `likes` (`id`, `from_user_id`, `entity_id`, `entity_name`, `created_at`, `updated_at`) VALUES (49, 36, 34, 'reiciendis', '1994-04-07 03:51:23', '2001-03-26 04:42:15');
INSERT INTO `likes` (`id`, `from_user_id`, `entity_id`, `entity_name`, `created_at`, `updated_at`) VALUES (50, 38, 92, 'atque', '1990-01-31 16:13:14', '2018-04-04 11:50:49');
INSERT INTO `likes` (`id`, `from_user_id`, `entity_id`, `entity_name`, `created_at`, `updated_at`) VALUES (51, 28, 67, 'dolorem', '2001-11-07 03:51:02', '1971-09-26 17:39:25');
INSERT INTO `likes` (`id`, `from_user_id`, `entity_id`, `entity_name`, `created_at`, `updated_at`) VALUES (52, 57, 7, 'eum', '1976-07-09 02:26:17', '2008-08-30 02:03:58');
INSERT INTO `likes` (`id`, `from_user_id`, `entity_id`, `entity_name`, `created_at`, `updated_at`) VALUES (53, 58, 76, 'hic', '1984-05-18 23:19:56', '2000-12-23 03:16:37');
INSERT INTO `likes` (`id`, `from_user_id`, `entity_id`, `entity_name`, `created_at`, `updated_at`) VALUES (54, 17, 51, 'amet', '2007-07-01 06:40:43', '2019-01-21 17:08:15');
INSERT INTO `likes` (`id`, `from_user_id`, `entity_id`, `entity_name`, `created_at`, `updated_at`) VALUES (55, 35, 4, 'dolores', '2010-11-15 20:08:45', '2011-05-11 14:13:27');
INSERT INTO `likes` (`id`, `from_user_id`, `entity_id`, `entity_name`, `created_at`, `updated_at`) VALUES (56, 83, 40, 'tenetur', '2004-11-16 18:49:14', '2016-01-30 20:18:57');
INSERT INTO `likes` (`id`, `from_user_id`, `entity_id`, `entity_name`, `created_at`, `updated_at`) VALUES (57, 53, 31, 'temporibus', '1978-10-05 05:31:27', '2000-08-28 14:37:27');
INSERT INTO `likes` (`id`, `from_user_id`, `entity_id`, `entity_name`, `created_at`, `updated_at`) VALUES (58, 84, 97, 'neque', '2010-11-10 20:10:09', '1976-12-18 09:44:21');
INSERT INTO `likes` (`id`, `from_user_id`, `entity_id`, `entity_name`, `created_at`, `updated_at`) VALUES (59, 28, 32, 'unde', '1973-02-13 16:38:42', '1986-07-07 14:07:10');
INSERT INTO `likes` (`id`, `from_user_id`, `entity_id`, `entity_name`, `created_at`, `updated_at`) VALUES (60, 6, 70, 'sit', '2000-12-16 19:19:18', '1998-08-04 22:29:47');
INSERT INTO `likes` (`id`, `from_user_id`, `entity_id`, `entity_name`, `created_at`, `updated_at`) VALUES (61, 12, 98, 'iste', '2014-01-20 10:34:27', '1978-01-19 07:25:04');
INSERT INTO `likes` (`id`, `from_user_id`, `entity_id`, `entity_name`, `created_at`, `updated_at`) VALUES (62, 35, 54, 'natus', '2007-01-20 00:59:11', '1986-10-28 12:56:33');
INSERT INTO `likes` (`id`, `from_user_id`, `entity_id`, `entity_name`, `created_at`, `updated_at`) VALUES (63, 69, 12, 'esse', '1981-04-11 06:26:05', '2007-05-17 11:51:58');
INSERT INTO `likes` (`id`, `from_user_id`, `entity_id`, `entity_name`, `created_at`, `updated_at`) VALUES (64, 12, 28, 'sed', '2004-04-28 10:50:50', '2013-09-15 21:22:38');
INSERT INTO `likes` (`id`, `from_user_id`, `entity_id`, `entity_name`, `created_at`, `updated_at`) VALUES (65, 13, 63, 'sunt', '1981-05-12 17:00:56', '1996-06-14 03:50:34');
INSERT INTO `likes` (`id`, `from_user_id`, `entity_id`, `entity_name`, `created_at`, `updated_at`) VALUES (66, 38, 46, 'dolorum', '1988-05-04 17:59:41', '2015-05-11 07:59:46');
INSERT INTO `likes` (`id`, `from_user_id`, `entity_id`, `entity_name`, `created_at`, `updated_at`) VALUES (67, 26, 99, 'mollitia', '1970-03-07 22:54:10', '1978-03-20 15:16:01');
INSERT INTO `likes` (`id`, `from_user_id`, `entity_id`, `entity_name`, `created_at`, `updated_at`) VALUES (68, 14, 82, 'labore', '1991-06-06 20:29:48', '2005-05-13 06:04:16');
INSERT INTO `likes` (`id`, `from_user_id`, `entity_id`, `entity_name`, `created_at`, `updated_at`) VALUES (69, 72, 10, 'sit', '1970-10-15 19:05:13', '1989-02-05 00:09:33');
INSERT INTO `likes` (`id`, `from_user_id`, `entity_id`, `entity_name`, `created_at`, `updated_at`) VALUES (70, 64, 15, 'laboriosam', '1989-07-24 13:54:54', '2011-01-08 07:51:48');
INSERT INTO `likes` (`id`, `from_user_id`, `entity_id`, `entity_name`, `created_at`, `updated_at`) VALUES (71, 47, 27, 'iste', '1997-12-11 04:20:00', '1983-11-21 20:21:01');
INSERT INTO `likes` (`id`, `from_user_id`, `entity_id`, `entity_name`, `created_at`, `updated_at`) VALUES (72, 97, 61, 'aperiam', '2020-10-29 16:16:51', '1991-08-22 01:53:12');
INSERT INTO `likes` (`id`, `from_user_id`, `entity_id`, `entity_name`, `created_at`, `updated_at`) VALUES (73, 54, 30, 'cupiditate', '1978-01-14 23:45:37', '1982-09-05 06:17:34');
INSERT INTO `likes` (`id`, `from_user_id`, `entity_id`, `entity_name`, `created_at`, `updated_at`) VALUES (74, 86, 41, 'id', '1986-06-25 14:33:26', '1997-02-09 11:08:04');
INSERT INTO `likes` (`id`, `from_user_id`, `entity_id`, `entity_name`, `created_at`, `updated_at`) VALUES (75, 68, 54, 'atque', '2001-08-12 07:22:10', '2011-10-25 18:41:56');
INSERT INTO `likes` (`id`, `from_user_id`, `entity_id`, `entity_name`, `created_at`, `updated_at`) VALUES (76, 54, 91, 'labore', '1979-05-29 12:51:46', '1990-01-18 06:49:04');
INSERT INTO `likes` (`id`, `from_user_id`, `entity_id`, `entity_name`, `created_at`, `updated_at`) VALUES (77, 79, 17, 'iste', '1974-03-16 21:05:53', '2018-07-17 15:18:09');
INSERT INTO `likes` (`id`, `from_user_id`, `entity_id`, `entity_name`, `created_at`, `updated_at`) VALUES (78, 34, 30, 'est', '2009-05-04 15:45:36', '2002-12-01 01:05:50');
INSERT INTO `likes` (`id`, `from_user_id`, `entity_id`, `entity_name`, `created_at`, `updated_at`) VALUES (79, 85, 1, 'fugit', '1972-12-16 10:26:07', '2001-05-05 12:57:18');
INSERT INTO `likes` (`id`, `from_user_id`, `entity_id`, `entity_name`, `created_at`, `updated_at`) VALUES (80, 69, 65, 'mollitia', '2014-12-27 03:48:26', '1985-08-09 16:15:50');
INSERT INTO `likes` (`id`, `from_user_id`, `entity_id`, `entity_name`, `created_at`, `updated_at`) VALUES (81, 21, 12, 'sapiente', '1988-12-16 04:59:11', '2018-12-20 13:07:07');
INSERT INTO `likes` (`id`, `from_user_id`, `entity_id`, `entity_name`, `created_at`, `updated_at`) VALUES (82, 72, 9, 'hic', '2021-06-17 10:23:50', '1981-03-16 02:02:16');
INSERT INTO `likes` (`id`, `from_user_id`, `entity_id`, `entity_name`, `created_at`, `updated_at`) VALUES (83, 75, 62, 'quia', '2012-10-28 23:06:50', '1989-02-26 01:54:02');
INSERT INTO `likes` (`id`, `from_user_id`, `entity_id`, `entity_name`, `created_at`, `updated_at`) VALUES (84, 91, 47, 'consequatur', '2010-09-23 00:26:25', '2000-05-23 08:55:43');
INSERT INTO `likes` (`id`, `from_user_id`, `entity_id`, `entity_name`, `created_at`, `updated_at`) VALUES (85, 34, 14, 'odit', '1977-05-03 06:38:12', '1972-12-20 02:06:20');
INSERT INTO `likes` (`id`, `from_user_id`, `entity_id`, `entity_name`, `created_at`, `updated_at`) VALUES (86, 40, 68, 'mollitia', '1975-08-27 09:04:08', '1991-10-17 14:32:12');
INSERT INTO `likes` (`id`, `from_user_id`, `entity_id`, `entity_name`, `created_at`, `updated_at`) VALUES (87, 92, 46, 'quia', '1987-01-02 12:06:31', '2020-02-01 05:36:48');
INSERT INTO `likes` (`id`, `from_user_id`, `entity_id`, `entity_name`, `created_at`, `updated_at`) VALUES (88, 42, 80, 'ad', '1975-06-19 00:48:26', '2015-11-27 12:28:53');
INSERT INTO `likes` (`id`, `from_user_id`, `entity_id`, `entity_name`, `created_at`, `updated_at`) VALUES (89, 74, 65, 'amet', '2002-04-17 05:35:25', '1980-11-26 16:19:51');
INSERT INTO `likes` (`id`, `from_user_id`, `entity_id`, `entity_name`, `created_at`, `updated_at`) VALUES (90, 15, 33, 'officia', '2015-01-28 03:36:51', '2011-12-31 09:05:06');
INSERT INTO `likes` (`id`, `from_user_id`, `entity_id`, `entity_name`, `created_at`, `updated_at`) VALUES (91, 71, 54, 'recusandae', '1987-02-08 04:07:26', '1986-09-19 09:12:26');
INSERT INTO `likes` (`id`, `from_user_id`, `entity_id`, `entity_name`, `created_at`, `updated_at`) VALUES (92, 52, 25, 'sunt', '1990-11-12 03:10:34', '1970-05-03 20:14:11');
INSERT INTO `likes` (`id`, `from_user_id`, `entity_id`, `entity_name`, `created_at`, `updated_at`) VALUES (93, 94, 100, 'in', '2018-10-25 00:22:53', '1980-02-07 04:12:51');
INSERT INTO `likes` (`id`, `from_user_id`, `entity_id`, `entity_name`, `created_at`, `updated_at`) VALUES (94, 66, 90, 'vel', '1996-04-05 00:39:55', '1996-02-06 23:29:54');
INSERT INTO `likes` (`id`, `from_user_id`, `entity_id`, `entity_name`, `created_at`, `updated_at`) VALUES (95, 77, 23, 'atque', '1972-12-24 15:45:26', '2019-10-25 18:53:16');
INSERT INTO `likes` (`id`, `from_user_id`, `entity_id`, `entity_name`, `created_at`, `updated_at`) VALUES (96, 42, 63, 'quo', '1991-10-02 10:31:01', '1983-07-11 06:32:47');
INSERT INTO `likes` (`id`, `from_user_id`, `entity_id`, `entity_name`, `created_at`, `updated_at`) VALUES (97, 97, 54, 'dolor', '2017-10-03 11:40:12', '1971-03-10 03:22:41');
INSERT INTO `likes` (`id`, `from_user_id`, `entity_id`, `entity_name`, `created_at`, `updated_at`) VALUES (98, 69, 95, 'voluptatem', '2017-08-25 08:51:00', '1982-11-21 14:15:25');
INSERT INTO `likes` (`id`, `from_user_id`, `entity_id`, `entity_name`, `created_at`, `updated_at`) VALUES (99, 69, 69, 'odit', '1971-10-04 04:16:23', '2007-09-19 03:24:26');
INSERT INTO `likes` (`id`, `from_user_id`, `entity_id`, `entity_name`, `created_at`, `updated_at`) VALUES (100, 71, 83, 'vero', '2000-10-02 22:14:47', '2015-07-03 19:11:14');
